{
  "mode": "paper",
  "tradingPairs": ["BTC/USDT", "ETH/USDT", "SOL/USDT"],
  "ingestion": {
    "initialPrice": 42750,
    "exchanges": [
      { "name": "Binance", "liquidityWeight": 1.0, "latencyMs": 25 },
      { "name": "Coinbase", "liquidityWeight": 0.85, "latencyMs": 34 },
      { "name": "Kraken", "liquidityWeight": 0.65, "latencyMs": 42 },
      { "name": "Bybit", "liquidityWeight": 0.9, "latencyMs": 30 }
    ]
  },
  "qgita": {
    "fibonacciSequence": [5, 8, 13, 21, 34, 55, 89],
    "minConfidence": 0.38,
    "neutralConfidence": 0.48,
    "historyLimit": 320
  },
  "decision": {
    "buyThreshold": 0.18,
    "sellThreshold": -0.18,
    "minimumConfidence": 0.4,
    "weights": {
      "ensemble": 0.55,
      "sentiment": 0.25,
      "qgita": 0.2
    }
  },
  "risk": {
    "initialEquity": 150000,
    "maxPortfolioRisk": 0.035,
    "maxLeverage": 4,
    "circuitBreaker": 0.08,
    "riskPerTradeCap": 0.03,
    "kellyMultiplier": 1.1,
    "minHoldMinutes": 30,
    "maxHoldMinutes": 420
  },
  "execution": {
    "maxSlippageBps": 15,
    "latencyRange": { "min": 28, "max": 110 },
    "partialFillProbability": 0.2
  },
  "analytics": {
    "performanceHistory": 720,
    "sentimentHistory": 360
  }
}
