{
  "totalHoney": 4397.354835043672,
  "initialBalance": 10000,
  "currentBalance": 14397.354835043669,
  "growthPercent": 43.97354835043669,
  "totalTrades": 897,
  "winningTrades": 655,
  "losingTrades": 242,
  "winRate": 73.0211817168339,
  "biggestWin": 210.3,
  "biggestLoss": -35,
  "currentStreak": 4,
  "bestStreak": 50,
  "worstStreak": -12,
  "dailyHoney": {
    "2025-11-23": 4397.354835043672
  },
  "milestones": [
    {
      "type": "profit",
      "value": 125.5,
      "achievedAt": "2025-11-23T14:13:13.969Z",
      "message": "🏆 NEW BIGGEST WIN: $125.50 on BTCUSDT!"
    },
    {
      "type": "profit",
      "value": 156.8,
      "achievedAt": "2025-11-23T14:13:21.980Z",
      "message": "🏆 NEW BIGGEST WIN: $156.80 on ETHUSDT!"
    },
    {
      "type": "profit",
      "value": 210.3,
      "achievedAt": "2025-11-23T14:13:25.986Z",
      "message": "🏆 NEW BIGGEST WIN: $210.30 on BTCUSDT!"
    },
    {
      "type": "streak",
      "value": 5,
      "achievedAt": "2025-11-23T14:13:27.989Z",
      "message": "🔥 5-trade winning streak!"
    },
    {
      "type": "streak",
      "value": 10,
      "achievedAt": "2025-11-23T14:28:33.544Z",
      "message": "🔥🔥 10-trade winning streak - ON FIRE!"
    },
    {
      "type": "balance",
      "value": 11000,
      "achievedAt": "2025-11-23T14:28:40.201Z",
      "message": "🍯 First $1K profit!"
    },
    {
      "type": "trades",
      "value": 100,
      "achievedAt": "2025-11-23T14:29:31.707Z",
      "message": "💯 First 100 trades completed!"
    },
    {
      "type": "balance",
      "value": 12500,
      "achievedAt": "2025-11-23T14:33:01.224Z",
      "message": "🍯 $2.5K profit - 25% growth!"
    },
    {
      "type": "trades",
      "value": 500,
      "achievedAt": "2025-11-23T14:34:48.143Z",
      "message": "💯 500 trades - Veteran trader!"
    },
    {
      "type": "streak",
      "value": 20,
      "achievedAt": "2025-11-23T16:52:12.691Z",
      "message": "🔥🔥🔥 20-trade winning streak - UNSTOPPABLE!"
    }
  ],
  "lastUpdated": "2025-11-23T17:06:46.051Z"
}