[
  {
    "name": "quackers-4",
    "apiKey": "rnGhYpDT4gFIRu9Y6RdH4p43LdEvtcdPAhxdlX3k32E1QbFo8W2qNS3P1xO2FxfW",
    "apiSecret": "ylIreJLGRCV5IWYNhiM0w6vFyvFzh4IOqwV1K4pErSdss4p1uR4BIdXw9JJNKOQJ"
  },
  {
    "name": "quackers-5",
    "apiKey": "yyQBM4bbETrRXtASpXXQitIYCwhQWFb3jnbqQlJ3ex11VzvXoboaDe9jEc9qWzy0",
    "apiSecret": "FfPTvvtERAClTiEsakXunB56C9NJ9pJ973NRxIV1sujRrArlzHWkn1zSUBmvny9b"
  },
  {
    "name": "quackers-6",
    "apiKey": "HQnYpPQyFDH2YWsChvlQe1WocnSBoB22EDCzTgaki5025kN3mPfWo8bRTUZGOMnG",
    "apiSecret": "HLGnu2H2LZZzRv61cTEC8MRR72JbyjayTJFgMn0O9bcEXbaLbfXXlFJW49vCtJVU"
  },
  {
    "name": "quackers-7",
    "apiKey": "JmntDPyPOxyWkWuc1MyVefkVg7LNtNTUuJLXZE6DEFSEjlYofPX3hXLab9PWWGuY",
    "apiSecret": "rJvmO2QrT8NDpyDfB4Vqq46ahclqDNmk8saS0dZr9cfwGrTzYv9He1vTp3696IR4"
  },
  {
    "name": "quackers-8",
    "apiKey": "U7ottbvKD0fXEGQbb4Ag0LXM3gJOVl3IZ2T7nPIlpze7hR7IiOBimhxQq3EthDv4",
    "apiSecret": "uN4wgdUI3G4SD8sLT45zZAdK3CABqjphjR50m445YgWxrTWfWj4bb3lUX2cZ1oEX"
  },
  {
    "name": "quackers-9",
    "apiKey": "W4tFMnlGVLfmtaxOtHgjXH4BqRuARVos2wmKUNmxukM32U9uiZ77FXkcVtqbTGJ8",
    "apiSecret": "F7dO4hYAOUMCV0ePn9oW2oPgzx0Wdkfgw9ohmH4dOSmeHx8uoGPInfXZKoGW3Gm1"
  },
  {
    "name": "quackers-10",
    "apiKey": "ydOIaTCVTk8lxzXRNSTPfTFb0ZYKkpg95ubwpi9bO0pjU0dB1HRlmOBRro1ZeTmS",
    "apiSecret": "qmaFwWuUYps3aSPb4E4f8Gbrj94vteHaLaVSSyJLXCP1VMohNJBSg83pDmwRIqne"
  },
  {
    "name": "quackers-11",
    "apiKey": "6EsEBzegTghMHp3Bep6z4Yb674W0gR6af8G9YJIA8fBZN3PVUsHQTKBcZWsdNY0F",
    "apiSecret": "jufEjtwH8V9hPIIEzPrrwVaI1OZDV71ngo4CLWdnVrQG5H4jbwJzVdA0IELKPmTh"
  },
  {
    "name": "quackers-12",
    "apiKey": "UTf0VThJY4WcFTGsmh3Mwy0qDW39qYxhA6c9pcfZdR3GcIuDo7ricPqDcxvgyj35",
    "apiSecret": "scPZCtfjvT6sJqMPsaSSkwW3wpqW5xkAqS9EAE9F8A7bsQdqoZT1rAdePr4qOnSY"
  },
  {
    "name": "quackers-13",
    "apiKey": "fnjyjH4vngTWeiioaKiqqsTwBD4omXjJzkQZtWg80s48xppbrjLF8oUfbchCEYwg",
    "apiSecret": "8WXN4lmCHddQTMlBsaBGUQa8Zpk3pYynNuyMkMaBKx17jOTaXV4sQlp8Oo65yQRA"
  },
  {
    "name": "quackers-14",
    "apiKey": "VtdrSWHJZ0Jb5wNwsENzzHoavtuXw7v9qaVlUZ0q2qOT9n8BbV3y2hcIiqOhTt0J",
    "apiSecret": "0wz3CzwduqQ3xBWEtRqNF4I0hFDoiCxfgrYYu35CWwECKwxgec04F03gBkO2BgzW"
  },
  {
    "name": "quackers-15",
    "apiKey": "DmjnXgxdZVNFazbEoRuGlN9omLHmAyIKla1I3pTrxohgDqauRYmlrd57n8vtoEXQ",
    "apiSecret": "uYxoZhnHRgqCnLyLjjD1aEl6JbM6vXSfHBuR7XtHNTr4UgDrHpS9m12VV80savpl"
  }
]
