{
  "timestamp": 1763151217415,
  "totalHives": 1,
  "totalAgents": 10,
  "totalEquity": 1161.027313354968,
  "totalHarvested": 0,
  "generation": 1,
  "hives": [
    {
      "id": "hive-0",
      "generation": 0,
      "agents": 10,
      "equity": 1161.027313354968,
      "harvestedCapital": 0,
      "trades": 10000,
      "successfulAgents": 0,
      "stage": "GROWING",
      "age": 1000,
      "profitMultiplier": 1.161027313354968,
      "lighthouse": {
        "detected": true,
        "strength": 1,
        "consensus": 0.5
      }
    }
  ],
  "splitEvents": [],
  "lighthouseStats": {
    "activeDetections": 1,
    "avgStrength": 1,
    "networkConsensus": 1
  }
}