{
  "timestamp": "2025-11-23T20:11:41.360Z",
  "params": {
    "startBalance": 120.98,
    "commanders": 5,
    "bulletsPer": 50,
    "paths": 500,
    "feePct": 0.001,
    "lookbackWindow": 10,
    "minWeight": 0.1,
    "adaptSpeed": 0.3
  },
  "systems": [
    {
      "name": "LION",
      "winRate": 0.78,
      "winPct": 0.006,
      "lossPct": 0.005,
      "posBase": 0.75,
      "volatility": 0.15,
      "coherenceBoost": 1.08
    },
    {
      "name": "HIVE",
      "winRate": 0.82,
      "winPct": 0.005,
      "lossPct": 0.005,
      "posBase": 0.7,
      "volatility": 0.1,
      "coherenceBoost": 1.05
    },
    {
      "name": "LIGHTHOUSE",
      "winRate": 0.85,
      "winPct": 0.0055,
      "lossPct": 0.0045,
      "posBase": 0.8,
      "volatility": 0.08,
      "coherenceBoost": 1.1
    },
    {
      "name": "QUANTUM",
      "winRate": 0.8,
      "winPct": 0.007,
      "lossPct": 0.006,
      "posBase": 0.72,
      "volatility": 0.18,
      "coherenceBoost": 1.12
    },
    {
      "name": "SENTINEL",
      "winRate": 0.76,
      "winPct": 0.0065,
      "lossPct": 0.0055,
      "posBase": 0.68,
      "volatility": 0.12,
      "coherenceBoost": 1.06
    }
  ],
  "results": {
    "median": 220.85895082893217,
    "p10": 205.01680995926262,
    "p90": 237.0173810989764,
    "ruinRate": 0,
    "systemUsage": [
      {
        "name": "LIGHTHOUSE",
        "trades": 27611,
        "winRate": 0.898808445909239,
        "avgPnL": 0.4661616538318476
      },
      {
        "name": "HIVE",
        "trades": 25680,
        "winRate": 0.8638239875389409,
        "avgPnL": 0.30711908133150373
      },
      {
        "name": "QUANTUM",
        "trades": 24936,
        "winRate": 0.8486926531921719,
        "avgPnL": 0.48166774610756763
      },
      {
        "name": "LION",
        "trades": 23960,
        "winRate": 0.826126878130217,
        "avgPnL": 0.382405936155929
      },
      {
        "name": "SENTINEL",
        "trades": 22813,
        "winRate": 0.8023057028887038,
        "avgPnL": 0.3491889883104375
      }
    ]
  }
}