{
  "timestamp": "2025-11-23T18:57:18.908Z",
  "params": {
    "startBalance": 120.98,
    "target": 1000,
    "tradesPerDay": 40,
    "paths": 1500,
    "winPct": 0.004,
    "lossPct": 0.006,
    "positionSizePercent": 95,
    "feePct": 0.001,
    "daysLimit": 730
  },
  "scenarios": [
    {
      "winRate": 0.6,
      "stats": {
        "successRate": 0,
        "medianDays": null,
        "p10": null,
        "p25": null,
        "p75": null,
        "p90": null
      }
    },
    {
      "winRate": 0.7,
      "stats": {
        "successRate": 0.13333333333333333,
        "medianDays": 699,
        "p10": 639,
        "p25": 639,
        "p75": 699,
        "p90": 699
      }
    },
    {
      "winRate": 0.8,
      "stats": {
        "successRate": 100,
        "medianDays": 57,
        "p10": 51,
        "p25": 53,
        "p75": 60,
        "p90": 63
      }
    }
  ]
}