{
  "date": "2025-11-24",
  "user": "General Quackers",
  "botName": "AUREON-PRIME (Sim Round 3)",
  "fieldStatus": "Hive Mind Singularity",
  "netPnL": 2845.12,
  "netPnLPercent": 284.51,
  "totalTrades": 10500,
  "maxDrawdown": 0.8,
  "regime": "Absolute Dominance",
  "marketBias": "bullish",
  "coherenceLevel": "maximum",
  "fieldIntelligence": {
    "averageLighthouseIntensity": 0.96,
    "coherenceBursts": 150,
    "entropyTrend": "falling",
    "peakCoherenceTime": "2025-11-24T16:45:00Z (Reinforcements Arrived)",
    "peakCoherenceValue": 0.99,
    "fieldMood": "quantum singularity"
  },
  "engineActivity": {
    "signalsGenerated": 12000,
    "signalsExecuted": 10500,
    "killSwitchEvents": 0,
    "killSwitchDuration": 0,
    "rateLimitEvents": 0,
    "dataLatencySpikes": 0
  },
  "tradeBreakdown": {
    "wins": 8767,
    "losses": 1733,
    "averageRR": 1.8,
    "biggestWinner": {
      "pair": "MATICUSDC",
      "pnl": 145.20
    },
    "biggestLoser": {
      "pair": "AVAXUSDC",
      "pnl": -15.50
    },
    "topPairs": [
      {
        "pair": "MATICUSDC",
        "pnl": 850.50,
        "trades": 1850
      },
      {
        "pair": "XRPUSDC",
        "pnl": 795.40,
        "trades": 1720
      },
      {
        "pair": "SOLUSDC",
        "pnl": 688.20,
        "trades": 1650
      },
      {
        "pair": "ETHUSDC",
        "pnl": 445.10,
        "trades": 1500
      },
      {
        "pair": "DOGEUSDC",
        "pnl": 320.74,
        "trades": 1300
      }
    ]
  },
  "riskAssessment": {
    "drawdownStatus": "nominal",
    "volatilityLevel": "moderate",
    "recommendations": [
      "Reinforcements successfully integrated",
      "Win rate stabilized at >83% across 10,000+ trades",
      "System is Overpowered for Testnet"
    ]
  },
  "hiveStatus": "online",
  "closingMessage": "Reinforcements Deployed. 10,500 Trades Executed. Enemy Crushed. Ready for Live."
}
