{
  "timestamp": "2025-11-23T20:02:04.073Z",
  "params": {
    "startBalance": 120.98,
    "commanders": 5,
    "bulletsPer": 50,
    "winPct": 0.0065,
    "lossPct": 0.0045,
    "posBase": 0.75,
    "growthOnWin": 0.04,
    "shrinkOnLoss": 0.04,
    "minSize": 0.5,
    "maxSize": 0.95,
    "feePct": 0.001,
    "dominoGate": true,
    "clusterReset": false
  },
  "scenarios": [
    {
      "winRate": 0.83,
      "stats": {
        "ruinRate": 0,
        "p10": 260.14497638964224,
        "median": 283.3168811006063,
        "p90": 305.2764830094931,
        "commanderSummary": [
          {
            "commander": 0,
            "avgNetPct": 0.17997902617354694,
            "avgWinRate": 0.8281999999999998
          },
          {
            "commander": 1,
            "avgNetPct": 0.18554577103424905,
            "avgWinRate": 0.8297499999999988
          },
          {
            "commander": 2,
            "avgNetPct": 0.1887726057366394,
            "avgWinRate": 0.8349999999999999
          },
          {
            "commander": 3,
            "avgNetPct": 0.18601704158211493,
            "avgWinRate": 0.8305499999999991
          },
          {
            "commander": 4,
            "avgNetPct": 0.1859445089070583,
            "avgWinRate": 0.8304499999999995
          }
        ]
      }
    }
  ]
}