{
  "timestamp": "2025-11-23T20:05:16.972Z",
  "params": {
    "startBalance": 120.98,
    "commanders": 5,
    "bulletsPer": 50,
    "paths": 1000,
    "feePct": 0.001,
    "snakeThreshold": 0.15
  },
  "ladderStats": {
    "median": 120.71046927295461,
    "p10": 113.60611815972231,
    "p90": 129.25377852824283,
    "ruinRate": 0,
    "tierReached": [
      {
        "name": "Conservative",
        "pct": 100
      },
      {
        "name": "Moderate",
        "pct": 0
      },
      {
        "name": "Aggressive",
        "pct": 0
      },
      {
        "name": "Beast",
        "pct": 0
      }
    ]
  },
  "staticComparison": {
    "conservative": {
      "median": 120.33616644246844
    },
    "aggressive": {
      "median": 211.83524317963935
    }
  }
}