{
  "timestamp": "2025-11-23T19:10:14.924Z",
  "baseParams": {
    "startBalance": 120.98,
    "commanders": 5,
    "bulletsPer": 50,
    "paths": 300,
    "feePct": 0.001,
    "dominoGate": true
  },
  "totalScenarios": 1620,
  "viableScenarios": 1620,
  "topConfigs": [
    {
      "params": {
        "winRate": 0.85,
        "posBase": 0.8,
        "winPct": 0.006,
        "lossPct": 0.005,
        "growthOnWin": 0.04,
        "shrinkOnLoss": 0.03
      },
      "stats": {
        "median": 267.02392787348026,
        "p10": 245.27161660677373,
        "p90": 287.4360833614526,
        "ruinRate": 0,
        "avgFinal": 267.5711165770559
      }
    },
    {
      "params": {
        "winRate": 0.85,
        "posBase": 0.8,
        "winPct": 0.006,
        "lossPct": 0.005,
        "growthOnWin": 0.03,
        "shrinkOnLoss": 0.03
      },
      "stats": {
        "median": 266.8746032711697,
        "p10": 245.07188646233078,
        "p90": 287.10682300671084,
        "ruinRate": 0,
        "avgFinal": 267.19553580093844
      }
    },
    {
      "params": {
        "winRate": 0.85,
        "posBase": 0.85,
        "winPct": 0.006,
        "lossPct": 0.005,
        "growthOnWin": 0.02,
        "shrinkOnLoss": 0.04
      },
      "stats": {
        "median": 266.81366100886527,
        "p10": 243.1084010069179,
        "p90": 285.47864198911003,
        "ruinRate": 0,
        "avgFinal": 265.26604264376
      }
    },
    {
      "params": {
        "winRate": 0.85,
        "posBase": 0.85,
        "winPct": 0.006,
        "lossPct": 0.005,
        "growthOnWin": 0.04,
        "shrinkOnLoss": 0.04
      },
      "stats": {
        "median": 266.52631885292556,
        "p10": 242.40189437896868,
        "p90": 284.1282635156276,
        "ruinRate": 0,
        "avgFinal": 265.0044074318481
      }
    },
    {
      "params": {
        "winRate": 0.85,
        "posBase": 0.75,
        "winPct": 0.006,
        "lossPct": 0.005,
        "growthOnWin": 0.04,
        "shrinkOnLoss": 0.03
      },
      "stats": {
        "median": 266.52258595660425,
        "p10": 244.96882406155228,
        "p90": 287.0011312791629,
        "ruinRate": 0,
        "avgFinal": 265.6708019636358
      }
    },
    {
      "params": {
        "winRate": 0.85,
        "posBase": 0.8,
        "winPct": 0.006,
        "lossPct": 0.005,
        "growthOnWin": 0.04,
        "shrinkOnLoss": 0.04
      },
      "stats": {
        "median": 266.22546350460124,
        "p10": 244.5088824795572,
        "p90": 283.8514306311197,
        "ruinRate": 0,
        "avgFinal": 264.8471713826365
      }
    },
    {
      "params": {
        "winRate": 0.85,
        "posBase": 0.75,
        "winPct": 0.006,
        "lossPct": 0.005,
        "growthOnWin": 0.03,
        "shrinkOnLoss": 0.03
      },
      "stats": {
        "median": 266.16689154574743,
        "p10": 244.47414630261173,
        "p90": 286.4743386955597,
        "ruinRate": 0,
        "avgFinal": 265.61719557318526
      }
    },
    {
      "params": {
        "winRate": 0.85,
        "posBase": 0.85,
        "winPct": 0.006,
        "lossPct": 0.005,
        "growthOnWin": 0.02,
        "shrinkOnLoss": 0.03
      },
      "stats": {
        "median": 266.13289240597277,
        "p10": 244.44785178930871,
        "p90": 284.1644954622854,
        "ruinRate": 0,
        "avgFinal": 265.045840537969
      }
    },
    {
      "params": {
        "winRate": 0.85,
        "posBase": 0.8,
        "winPct": 0.006,
        "lossPct": 0.005,
        "growthOnWin": 0.02,
        "shrinkOnLoss": 0.03
      },
      "stats": {
        "median": 265.68685702532935,
        "p10": 246.58130366987533,
        "p90": 283.2467517524372,
        "ruinRate": 0,
        "avgFinal": 265.3482700786808
      }
    },
    {
      "params": {
        "winRate": 0.85,
        "posBase": 0.85,
        "winPct": 0.006,
        "lossPct": 0.005,
        "growthOnWin": 0.04,
        "shrinkOnLoss": 0.05
      },
      "stats": {
        "median": 265.5389950637989,
        "p10": 246.29481079926728,
        "p90": 286.2972827976736,
        "ruinRate": 0,
        "avgFinal": 265.05781406181814
      }
    },
    {
      "params": {
        "winRate": 0.85,
        "posBase": 0.7,
        "winPct": 0.006,
        "lossPct": 0.005,
        "growthOnWin": 0.04,
        "shrinkOnLoss": 0.04
      },
      "stats": {
        "median": 265.31490227176647,
        "p10": 243.8263158535343,
        "p90": 282.9086667431224,
        "ruinRate": 0,
        "avgFinal": 264.94626430891924
      }
    },
    {
      "params": {
        "winRate": 0.85,
        "posBase": 0.7,
        "winPct": 0.006,
        "lossPct": 0.005,
        "growthOnWin": 0.03,
        "shrinkOnLoss": 0.03
      },
      "stats": {
        "median": 265.28739859959865,
        "p10": 243.9016496736186,
        "p90": 282.8594907470111,
        "ruinRate": 0,
        "avgFinal": 264.43306559181076
      }
    },
    {
      "params": {
        "winRate": 0.85,
        "posBase": 0.8,
        "winPct": 0.006,
        "lossPct": 0.005,
        "growthOnWin": 0.04,
        "shrinkOnLoss": 0.05
      },
      "stats": {
        "median": 265.2539996920814,
        "p10": 243.41269291038512,
        "p90": 285.9637350471907,
        "ruinRate": 0,
        "avgFinal": 263.98602745005945
      }
    },
    {
      "params": {
        "winRate": 0.85,
        "posBase": 0.75,
        "winPct": 0.006,
        "lossPct": 0.005,
        "growthOnWin": 0.03,
        "shrinkOnLoss": 0.04
      },
      "stats": {
        "median": 265.00385920060114,
        "p10": 245.91553237529286,
        "p90": 285.6167226306909,
        "ruinRate": 0,
        "avgFinal": 264.73960896778664
      }
    },
    {
      "params": {
        "winRate": 0.85,
        "posBase": 0.75,
        "winPct": 0.006,
        "lossPct": 0.005,
        "growthOnWin": 0.02,
        "shrinkOnLoss": 0.03
      },
      "stats": {
        "median": 264.7627240404821,
        "p10": 245.63732704959563,
        "p90": 283.0640851873714,
        "ruinRate": 0,
        "avgFinal": 263.89052889804594
      }
    },
    {
      "params": {
        "winRate": 0.85,
        "posBase": 0.85,
        "winPct": 0.006,
        "lossPct": 0.005,
        "growthOnWin": 0.04,
        "shrinkOnLoss": 0.03
      },
      "stats": {
        "median": 264.5465621104689,
        "p10": 243.05940879427624,
        "p90": 287.7062162866269,
        "ruinRate": 0,
        "avgFinal": 265.8444154038961
      }
    },
    {
      "params": {
        "winRate": 0.85,
        "posBase": 0.7,
        "winPct": 0.006,
        "lossPct": 0.005,
        "growthOnWin": 0.04,
        "shrinkOnLoss": 0.05
      },
      "stats": {
        "median": 264.29153092896667,
        "p10": 240.00384177483437,
        "p90": 284.92538853779104,
        "ruinRate": 0,
        "avgFinal": 262.87032172500335
      }
    },
    {
      "params": {
        "winRate": 0.85,
        "posBase": 0.6,
        "winPct": 0.006,
        "lossPct": 0.005,
        "growthOnWin": 0.04,
        "shrinkOnLoss": 0.03
      },
      "stats": {
        "median": 264.22312456220936,
        "p10": 243.12680268780088,
        "p90": 282.0004231440381,
        "ruinRate": 0,
        "avgFinal": 263.05282817387
      }
    },
    {
      "params": {
        "winRate": 0.85,
        "posBase": 0.85,
        "winPct": 0.006,
        "lossPct": 0.005,
        "growthOnWin": 0.03,
        "shrinkOnLoss": 0.03
      },
      "stats": {
        "median": 264.1911888951572,
        "p10": 242.7453009780344,
        "p90": 284.4925200355409,
        "ruinRate": 0,
        "avgFinal": 264.6583103353371
      }
    },
    {
      "params": {
        "winRate": 0.85,
        "posBase": 0.6,
        "winPct": 0.006,
        "lossPct": 0.005,
        "growthOnWin": 0.04,
        "shrinkOnLoss": 0.04
      },
      "stats": {
        "median": 263.71243195487534,
        "p10": 242.35936059898347,
        "p90": 284.2953460813798,
        "ruinRate": 0,
        "avgFinal": 263.5930642380347
      }
    },
    {
      "params": {
        "winRate": 0.85,
        "posBase": 0.7,
        "winPct": 0.006,
        "lossPct": 0.005,
        "growthOnWin": 0.02,
        "shrinkOnLoss": 0.03
      },
      "stats": {
        "median": 263.6414541950049,
        "p10": 244.4210588046968,
        "p90": 281.3260295866941,
        "ruinRate": 0,
        "avgFinal": 262.1723737392782
      }
    },
    {
      "params": {
        "winRate": 0.85,
        "posBase": 0.75,
        "winPct": 0.006,
        "lossPct": 0.005,
        "growthOnWin": 0.03,
        "shrinkOnLoss": 0.05
      },
      "stats": {
        "median": 263.4935458819664,
        "p10": 241.7564781461433,
        "p90": 284.6786920647043,
        "ruinRate": 0,
        "avgFinal": 262.1184722073127
      }
    },
    {
      "params": {
        "winRate": 0.85,
        "posBase": 0.75,
        "winPct": 0.006,
        "lossPct": 0.005,
        "growthOnWin": 0.04,
        "shrinkOnLoss": 0.04
      },
      "stats": {
        "median": 263.36206591295996,
        "p10": 244.32159421933667,
        "p90": 283.3827386648379,
        "ruinRate": 0,
        "avgFinal": 264.6740607939777
      }
    },
    {
      "params": {
        "winRate": 0.85,
        "posBase": 0.6,
        "winPct": 0.006,
        "lossPct": 0.005,
        "growthOnWin": 0.03,
        "shrinkOnLoss": 0.03
      },
      "stats": {
        "median": 263.2946274933313,
        "p10": 241.92129696244166,
        "p90": 283.59865185748134,
        "ruinRate": 0,
        "avgFinal": 263.01007875916554
      }
    },
    {
      "params": {
        "winRate": 0.85,
        "posBase": 0.85,
        "winPct": 0.006,
        "lossPct": 0.005,
        "growthOnWin": 0.03,
        "shrinkOnLoss": 0.04
      },
      "stats": {
        "median": 263.1959931303105,
        "p10": 244.1319009589907,
        "p90": 283.60877847259894,
        "ruinRate": 0,
        "avgFinal": 264.13301734125
      }
    },
    {
      "params": {
        "winRate": 0.85,
        "posBase": 0.7,
        "winPct": 0.006,
        "lossPct": 0.005,
        "growthOnWin": 0.04,
        "shrinkOnLoss": 0.03
      },
      "stats": {
        "median": 263.18963656827833,
        "p10": 244.49314885396794,
        "p90": 286.28023887306995,
        "ruinRate": 0,
        "avgFinal": 264.2004798435044
      }
    },
    {
      "params": {
        "winRate": 0.85,
        "posBase": 0.85,
        "winPct": 0.006,
        "lossPct": 0.005,
        "growthOnWin": 0.02,
        "shrinkOnLoss": 0.05
      },
      "stats": {
        "median": 262.9457966566833,
        "p10": 241.8327505364059,
        "p90": 283.80483845511634,
        "ruinRate": 0,
        "avgFinal": 262.9080193542681
      }
    },
    {
      "params": {
        "winRate": 0.85,
        "posBase": 0.8,
        "winPct": 0.006,
        "lossPct": 0.005,
        "growthOnWin": 0.03,
        "shrinkOnLoss": 0.04
      },
      "stats": {
        "median": 262.7716362063845,
        "p10": 243.75476482849697,
        "p90": 283.24481412005156,
        "ruinRate": 0,
        "avgFinal": 264.2980088006283
      }
    },
    {
      "params": {
        "winRate": 0.85,
        "posBase": 0.75,
        "winPct": 0.006,
        "lossPct": 0.005,
        "growthOnWin": 0.04,
        "shrinkOnLoss": 0.05
      },
      "stats": {
        "median": 262.44382598069456,
        "p10": 245.64754551025987,
        "p90": 288.60830685622545,
        "ruinRate": 0,
        "avgFinal": 264.58937299481914
      }
    },
    {
      "params": {
        "winRate": 0.85,
        "posBase": 0.6,
        "winPct": 0.006,
        "lossPct": 0.005,
        "growthOnWin": 0.03,
        "shrinkOnLoss": 0.04
      },
      "stats": {
        "median": 262.15984266143056,
        "p10": 243.22056648749808,
        "p90": 282.51925691582136,
        "ruinRate": 0,
        "avgFinal": 262.6210625989614
      }
    },
    {
      "params": {
        "winRate": 0.85,
        "posBase": 0.85,
        "winPct": 0.006,
        "lossPct": 0.005,
        "growthOnWin": 0.03,
        "shrinkOnLoss": 0.05
      },
      "stats": {
        "median": 261.98443509824136,
        "p10": 239.81131553399632,
        "p90": 282.6400391432686,
        "ruinRate": 0,
        "avgFinal": 261.77712894384564
      }
    },
    {
      "params": {
        "winRate": 0.85,
        "posBase": 0.7,
        "winPct": 0.006,
        "lossPct": 0.005,
        "growthOnWin": 0.02,
        "shrinkOnLoss": 0.04
      },
      "stats": {
        "median": 261.75140279236376,
        "p10": 239.6812563761571,
        "p90": 282.59519355094557,
        "ruinRate": 0,
        "avgFinal": 261.03654167010563
      }
    },
    {
      "params": {
        "winRate": 0.85,
        "posBase": 0.8,
        "winPct": 0.006,
        "lossPct": 0.005,
        "growthOnWin": 0.03,
        "shrinkOnLoss": 0.05
      },
      "stats": {
        "median": 261.6232909869438,
        "p10": 242.287763914766,
        "p90": 285.14755392077774,
        "ruinRate": 0,
        "avgFinal": 262.6055129277674
      }
    },
    {
      "params": {
        "winRate": 0.85,
        "posBase": 0.7,
        "winPct": 0.006,
        "lossPct": 0.005,
        "growthOnWin": 0.03,
        "shrinkOnLoss": 0.04
      },
      "stats": {
        "median": 261.4922093198175,
        "p10": 239.99952595100095,
        "p90": 284.8486688782253,
        "ruinRate": 0,
        "avgFinal": 262.4680648049499
      }
    },
    {
      "params": {
        "winRate": 0.85,
        "posBase": 0.6,
        "winPct": 0.006,
        "lossPct": 0.005,
        "growthOnWin": 0.03,
        "shrinkOnLoss": 0.05
      },
      "stats": {
        "median": 261.49051779047835,
        "p10": 238.60936965164933,
        "p90": 281.6721144263677,
        "ruinRate": 0,
        "avgFinal": 260.5667631596179
      }
    },
    {
      "params": {
        "winRate": 0.85,
        "posBase": 0.8,
        "winPct": 0.006,
        "lossPct": 0.005,
        "growthOnWin": 0.02,
        "shrinkOnLoss": 0.04
      },
      "stats": {
        "median": 261.42476308562163,
        "p10": 241.21289598044277,
        "p90": 282.1384761356604,
        "ruinRate": 0,
        "avgFinal": 261.38157448808835
      }
    },
    {
      "params": {
        "winRate": 0.85,
        "posBase": 0.8,
        "winPct": 0.006,
        "lossPct": 0.005,
        "growthOnWin": 0.02,
        "shrinkOnLoss": 0.05
      },
      "stats": {
        "median": 261.31568048334,
        "p10": 238.13878081660962,
        "p90": 283.0772174880622,
        "ruinRate": 0,
        "avgFinal": 259.9251674388582
      }
    },
    {
      "params": {
        "winRate": 0.85,
        "posBase": 0.75,
        "winPct": 0.006,
        "lossPct": 0.005,
        "growthOnWin": 0.02,
        "shrinkOnLoss": 0.04
      },
      "stats": {
        "median": 260.4571154909841,
        "p10": 238.40699115237877,
        "p90": 281.0384794197938,
        "ruinRate": 0,
        "avgFinal": 260.291746877362
      }
    },
    {
      "params": {
        "winRate": 0.85,
        "posBase": 0.7,
        "winPct": 0.006,
        "lossPct": 0.005,
        "growthOnWin": 0.03,
        "shrinkOnLoss": 0.05
      },
      "stats": {
        "median": 260.2479326132223,
        "p10": 240.1909242391969,
        "p90": 280.7771361431716,
        "ruinRate": 0,
        "avgFinal": 260.7431021371153
      }
    },
    {
      "params": {
        "winRate": 0.85,
        "posBase": 0.75,
        "winPct": 0.006,
        "lossPct": 0.005,
        "growthOnWin": 0.02,
        "shrinkOnLoss": 0.05
      },
      "stats": {
        "median": 259.9788486269306,
        "p10": 240.03097013733947,
        "p90": 280.29293624911224,
        "ruinRate": 0,
        "avgFinal": 259.72426579729944
      }
    },
    {
      "params": {
        "winRate": 0.85,
        "posBase": 0.6,
        "winPct": 0.006,
        "lossPct": 0.005,
        "growthOnWin": 0.02,
        "shrinkOnLoss": 0.03
      },
      "stats": {
        "median": 259.9357313474272,
        "p10": 239.14675691514506,
        "p90": 277.8820887967347,
        "ruinRate": 0,
        "avgFinal": 259.28500993473347
      }
    },
    {
      "params": {
        "winRate": 0.85,
        "posBase": 0.6,
        "winPct": 0.006,
        "lossPct": 0.005,
        "growthOnWin": 0.04,
        "shrinkOnLoss": 0.05
      },
      "stats": {
        "median": 259.8391801232038,
        "p10": 241.01062779560263,
        "p90": 283.18085420222627,
        "ruinRate": 0,
        "avgFinal": 260.8012057777208
      }
    },
    {
      "params": {
        "winRate": 0.85,
        "posBase": 0.6,
        "winPct": 0.006,
        "lossPct": 0.005,
        "growthOnWin": 0.02,
        "shrinkOnLoss": 0.04
      },
      "stats": {
        "median": 258.2632369991035,
        "p10": 236.88669959939259,
        "p90": 278.6240128022739,
        "ruinRate": 0,
        "avgFinal": 257.1809614092359
      }
    },
    {
      "params": {
        "winRate": 0.85,
        "posBase": 0.85,
        "winPct": 0.006,
        "lossPct": 0.006,
        "growthOnWin": 0.04,
        "shrinkOnLoss": 0.03
      },
      "stats": {
        "median": 257.96248137514993,
        "p10": 238.07363595484767,
        "p90": 276.60734569130364,
        "ruinRate": 0,
        "avgFinal": 257.5883235082978
      }
    },
    {
      "params": {
        "winRate": 0.85,
        "posBase": 0.7,
        "winPct": 0.006,
        "lossPct": 0.006,
        "growthOnWin": 0.02,
        "shrinkOnLoss": 0.03
      },
      "stats": {
        "median": 257.5969352145947,
        "p10": 234.82266452092236,
        "p90": 273.12508657467697,
        "ruinRate": 0,
        "avgFinal": 255.6759350017867
      }
    },
    {
      "params": {
        "winRate": 0.85,
        "posBase": 0.8,
        "winPct": 0.006,
        "lossPct": 0.006,
        "growthOnWin": 0.03,
        "shrinkOnLoss": 0.03
      },
      "stats": {
        "median": 257.4689599238349,
        "p10": 237.45689916387545,
        "p90": 278.98846507805405,
        "ruinRate": 0,
        "avgFinal": 258.2240938574853
      }
    },
    {
      "params": {
        "winRate": 0.85,
        "posBase": 0.75,
        "winPct": 0.006,
        "lossPct": 0.006,
        "growthOnWin": 0.04,
        "shrinkOnLoss": 0.03
      },
      "stats": {
        "median": 257.25568039083174,
        "p10": 237.5399659050672,
        "p90": 275.69861507209316,
        "ruinRate": 0,
        "avgFinal": 256.7193611564621
      }
    },
    {
      "params": {
        "winRate": 0.85,
        "posBase": 0.7,
        "winPct": 0.006,
        "lossPct": 0.006,
        "growthOnWin": 0.04,
        "shrinkOnLoss": 0.03
      },
      "stats": {
        "median": 257.192536935997,
        "p10": 234.56711799525402,
        "p90": 275.27821617771457,
        "ruinRate": 0,
        "avgFinal": 256.84832600614914
      }
    },
    {
      "params": {
        "winRate": 0.85,
        "posBase": 0.85,
        "winPct": 0.006,
        "lossPct": 0.006,
        "growthOnWin": 0.02,
        "shrinkOnLoss": 0.03
      },
      "stats": {
        "median": 257.07527579268924,
        "p10": 239.76853239349754,
        "p90": 278.8332790720886,
        "ruinRate": 0,
        "avgFinal": 258.3148929031848
      }
    },
    {
      "params": {
        "winRate": 0.85,
        "posBase": 0.7,
        "winPct": 0.006,
        "lossPct": 0.005,
        "growthOnWin": 0.02,
        "shrinkOnLoss": 0.05
      },
      "stats": {
        "median": 257.026130454039,
        "p10": 236.08674625127205,
        "p90": 281.0883895279972,
        "ruinRate": 0,
        "avgFinal": 257.81854428385947
      }
    }
  ]
}