{
  "updatedAt": "2025-11-21T00:36:18.333619Z",
  "balances": {
    "BTC": 0.00063182,
    "ETH": 0.00189169,
    "BNB": 0.06618519,
    "LDUSDC": 25.30717372
  },
  "suggestions": [
    {
      "symbol": "BNBBTC",
      "status": "TRADING",
      "permitted": true,
      "weight": 3
    },
    {
      "symbol": "ETHBTC",
      "status": "TRADING",
      "permitted": true,
      "weight": 3
    },
    {
      "symbol": "BNBUSDT",
      "status": "TRADING",
      "permitted": true,
      "weight": 2
    },
    {
      "symbol": "ETHUSDT",
      "status": "TRADING",
      "permitted": true,
      "weight": 2
    }
  ]
}