{
  "updatedAt": "2025-11-21T00:59:23.918050+00:00",
  "accounts": [
    {
      "i": 1,
      "wins": 48,
      "losses": 2,
      "trades": 50,
      "equityUSDT": 136.43402145503998
    },
    {
      "i": 2,
      "wins": 48,
      "losses": 2,
      "trades": 50,
      "equityUSDT": 136.41159244309992
    },
    {
      "i": 3,
      "wins": 44,
      "losses": 6,
      "trades": 50,
      "equityUSDT": 136.41586879167994
    },
    {
      "i": 4,
      "wins": 49,
      "losses": 1,
      "trades": 50,
      "equityUSDT": 136.41700333314
    },
    {
      "i": 5,
      "wins": 43,
      "losses": 7,
      "trades": 50,
      "equityUSDT": 136.41377425360002
    },
    {
      "i": 6,
      "wins": 48,
      "losses": 2,
      "trades": 50,
      "equityUSDT": 136.39570886265997
    },
    {
      "i": 7,
      "wins": 47,
      "losses": 3,
      "trades": 50,
      "equityUSDT": 136.40077066301998
    },
    {
      "i": 8,
      "wins": 48,
      "losses": 2,
      "trades": 50,
      "equityUSDT": 136.41490879506
    },
    {
      "i": 9,
      "wins": 48,
      "losses": 2,
      "trades": 50,
      "equityUSDT": 136.42616693723997
    },
    {
      "i": 10,
      "wins": 50,
      "losses": 0,
      "trades": 50,
      "equityUSDT": 136.42075604720003
    },
    {
      "i": 11,
      "wins": 46,
      "losses": 4,
      "trades": 50,
      "equityUSDT": 136.43480690682
    },
    {
      "i": 12,
      "wins": 46,
      "losses": 4,
      "trades": 50,
      "equityUSDT": 136.41709060556
    },
    {
      "i": 13,
      "wins": 46,
      "losses": 4,
      "trades": 50,
      "equityUSDT": 136.42965783404
    },
    {
      "i": 14,
      "wins": 47,
      "losses": 3,
      "trades": 50,
      "equityUSDT": 136.43227600663994
    },
    {
      "i": 15,
      "wins": 47,
      "losses": 3,
      "trades": 50,
      "equityUSDT": 136.41647969861995
    },
    {
      "i": 16,
      "wins": 46,
      "losses": 4,
      "trades": 50,
      "equityUSDT": 136.42127968171997
    },
    {
      "i": 17,
      "wins": 46,
      "losses": 4,
      "trades": 50,
      "equityUSDT": 136.40618155305998
    },
    {
      "i": 18,
      "wins": 46,
      "losses": 4,
      "trades": 50,
      "equityUSDT": 136.4430105143
    },
    {
      "i": 19,
      "wins": 44,
      "losses": 6,
      "trades": 50,
      "equityUSDT": 136.41473425021996
    },
    {
      "i": 20,
      "wins": 43,
      "losses": 7,
      "trades": 50,
      "equityUSDT": 136.44632686626
    },
    {
      "i": 21,
      "wins": 48,
      "losses": 2,
      "trades": 50,
      "equityUSDT": 136.42782511322
    },
    {
      "i": 22,
      "wins": 46,
      "losses": 4,
      "trades": 50,
      "equityUSDT": 136.42520694062
    },
    {
      "i": 23,
      "wins": 48,
      "losses": 2,
      "trades": 50,
      "equityUSDT": 136.40408701497995
    },
    {
      "i": 24,
      "wins": 46,
      "losses": 4,
      "trades": 50,
      "equityUSDT": 136.42023241268
    },
    {
      "i": 25,
      "wins": 47,
      "losses": 3,
      "trades": 50,
      "equityUSDT": 136.42171604382
    },
    {
      "i": 26,
      "wins": 48,
      "losses": 2,
      "trades": 50,
      "equityUSDT": 136.41447243295997
    },
    {
      "i": 27,
      "wins": 47,
      "losses": 3,
      "trades": 50,
      "equityUSDT": 136.43018146855994
    },
    {
      "i": 28,
      "wins": 47,
      "losses": 3,
      "trades": 50,
      "equityUSDT": 136.41473425021994
    },
    {
      "i": 29,
      "wins": 42,
      "losses": 8,
      "trades": 50,
      "equityUSDT": 136.41455970538
    },
    {
      "i": 30,
      "wins": 41,
      "losses": 9,
      "trades": 50,
      "equityUSDT": 136.42293785769996
    }
  ]
}