# source: NASA Exoplanet Archive, pscomppars composite-parameters table, TAP service (keyless). https://exoplanetarchive.ipac.caltech.edu/
# query: select top 1000 pl_name,hostname,ra,dec,st_teff,pl_orbper from pscomppars where st_teff is not null and pl_orbper is not null and ra is not null and dec is not null order by pl_name
# rows: 1000
pl_name,hostname,ra,dec,st_teff,pl_orbper
11 UMi b,11 UMi,229.2745954,71.8239428,4213.00,516.21997000000
16 Cyg B b,16 Cyg B,295.4656422,50.5168243,5750.00,798.50000000000
2MASS J19383260+4603591 b,2MASS J19383260+4603591,294.6359173,46.0664076,29564.00,406.00000000000
55 Cnc B b,55 Cnc B,133.1679080,28.3152863,3286.00,6.79940000000
55 Cnc d,55 Cnc,133.1468373,28.3298154,5198.00,4799.00000000000
91 Aqr b,91 Aqr,348.9745031,-9.0878076,4665.00,181.40000000000
BD+20 594 b,BD+20 594,53.6511231,20.5990205,5766.00,41.68550000000
BD-06 1339 b,BD-06 1339,88.2511811,-5.9963378,4324.00,3.87280000000
Barnard c,Barnard's star,269.4486144,4.7379808,3195.00,4.12440000000
CoRoT-1 b,CoRoT-1,102.0798591,-3.1021394,5950.00,1.50895570000
CoRoT-20 b,CoRoT-20,97.7204249,0.2268931,5880.00,9.24285000000
CoRoT-20 c,CoRoT-20,97.7204249,0.2268931,5880.00,1675.00000000000
CoRoT-4 b,CoRoT-4,102.1946233,-0.6727861,6190.00,9.20205000000
DMPP-2 d,DMPP-2,27.4077310,-34.4590985,6500.00,16.49100000000
DMPP-7 b,DMPP-7,203.5284651,0.4988127,5996.82,4.98400000000
DP Leo b,DP Leo,169.3162193,17.9615717,13500.00,10220.00000000000
EPIC 201497682 b,EPIC 201497682,168.9366786,0.4880606,4991.00,2.13174000000
EPIC 201595106 b,EPIC 201595106,183.7203635,1.9681688,5679.00,0.87724000000
EPIC 206042996 b,EPIC 206042996,337.5136198,-13.6101475,4114.00,5.29860000000
EPIC 206317286 c,EPIC 206317286,337.6178427,-7.9724560,4752.00,17.51547200000
EPIC 212624936 c,EPIC 212624936,210.6376171,-10.0236852,5765.00,11.81143700000
EPIC 212737443 c,EPIC 212737443,204.2215065,-7.3180577,4684.00,65.55000000000
EPIC 220492298 b,EPIC 220492298,16.7615005,6.5887980,5620.00,0.76240600000
EPIC 228836835 b,EPIC 228836835,189.5748998,-5.2446247,3782.00,0.72811300000
EPIC 229004835 b,EPIC 229004835,186.4860415,-1.4047214,5868.00,16.14113200000
EPIC 248847494 b,EPIC 248847494,159.3890808,11.8427484,4898.00,3650.00000000000
GJ 1061 c,GJ 1061,54.0032486,-44.5143104,2953.00,6.68210000000
GJ 1132 c,GJ 1132,153.7090696,-47.1549358,3090.00,8.92900000000
GJ 1137 c,HD 93083,161.0866672,-33.5776794,5033.80,9.64120000000
GJ 1252 b,GJ 1252,306.9286462,-56.4622865,3458.00,0.51823310000
GJ 179 b,GJ 179,73.0245495,6.4752347,3370.00,2288.00000000000
GJ 180 d,GJ 180,73.4600970,-17.7761940,3371.00,106.30000000000
GJ 229 A c,GJ 229,92.6435993,-21.8677233,3564.00,121.93268000000
GJ 251 b,GJ 251,103.7002499,33.2664632,3342.00,14.23700000000
GJ 3090 b,GJ 3090,20.4384281,-46.7147234,3707.00,2.85310198000
GJ 3138 c,GJ 3138,32.2977385,-16.3392495,3717.00,5.97400000000
GJ 3341 b,GJ 3341,78.9471415,-31.2948458,3526.00,14.20700000000
GJ 3473 b,GJ 3473,120.5936065,3.3371629,3347.00,1.19800350000
GJ 3512 c,GJ 3512,130.3316616,59.4918364,3141.00,2354.00000000000
GJ 357 d,GJ 357,144.0074644,-21.6650634,3505.00,55.66100000000
GJ 367 c,GJ 367,146.1214640,-45.7790165,3522.00,11.53010000000
GJ 367 d,GJ 367,146.1214640,-45.7790165,3522.00,34.36900000000
GJ 3929 b,GJ 3929,239.5775678,35.4081141,3384.00,2.61623500000
GJ 3988 b,GJ 3988,255.8503747,51.4089795,3273.00,6.94420000000
GJ 4274 b,GJ 4274,335.7805478,-17.6104078,3228.00,1.63390000000
GJ 433 c,GJ 433,173.8619194,-32.5436302,3461.00,5094.10500000000
GJ 667 C c,GJ 667 C,259.7510609,-34.9977651,3350.00,28.14000000000
GJ 676 A b,GJ 676 A,262.5448903,-51.6377777,3734.00,1051.44521000000
GJ 740 b,GJ 740,284.4997178,5.9028670,3913.00,2.37756000000
GJ 832 b,GJ 832,323.3912616,-49.0125169,3472.00,3853.00000000000
GJ 86 b,GJ 86,32.6224785,-50.8209945,5182.00,15.76491000000
GJ 9404 b,GJ 9404,184.8472095,28.3827126,3811.00,13.45860000000
GJ 9773 b,GJ 9773,333.1502333,8.5503355,3528.00,2965.00000000000
GJ 9827 b,GJ 9827,351.7717763,-1.2853435,4236.00,1.20897400000
GJ 9827 c,GJ 9827,351.7717763,-1.2853435,4236.00,3.64810300000
Gaia-1 b,Gaia-1,90.6436658,-0.5771099,5470.00,3.05252400000
Gl 410 b,Gl 410,165.6604212,21.9669164,3842.00,6.02000000000
HAT-P-1 b,HAT-P-1,344.4453632,38.6749190,5980.00,4.46529976000
HAT-P-11 b,HAT-P-11,297.7101763,48.0818635,4653.00,4.88800000000
HAT-P-15 b,HAT-P-15,66.2481420,39.4606020,5568.00,10.86350000000
HAT-P-2 b,HAT-P-2,245.1514324,41.0479601,6380.00,5.63351580000
HAT-P-23 b,HAT-P-23,306.1239076,16.7621462,5905.00,1.21288400000
HAT-P-29 b,HAT-P-29,33.1310921,51.7787754,6087.00,5.72319000000
HAT-P-4 b,HAT-P-4,229.9912200,36.2295450,5860.00,3.05653600000
HAT-P-52 b,HAT-P-52,42.7217412,29.0222492,5131.00,2.75359530000
HAT-P-57 b,HAT-P-57,274.7434180,10.5971968,6330.00,2.46530000000
HAT-P-6 b,HAT-P-6,354.7740917,42.4659866,6570.00,3.85298000000
HAT-P-67 b,HAT-P-67,256.6107279,44.7768849,6640.00,4.81010690000
HATS-28 b,HATS-28,284.3997616,-49.1385126,5498.00,3.18107810000
HATS-33 b,HATS-33,294.6336944,-55.3302692,5659.00,2.54955510000
HATS-35 b,HATS-35,296.6884420,-63.5656488,6300.00,1.82099930000
HATS-41 b,HATS-41,103.5173558,-27.0504156,6424.00,4.19364900000
HATS-44 b,HATS-44,84.3267559,-27.9725758,5080.00,2.74390040000
HATS-48 A b,HATS-48 A,288.6720048,-59.5793505,4546.00,3.13166660000
HATS-57 b,HATS-57,60.9482779,-19.0568182,5587.00,2.35062100000
HATS-65 b,HATS-65,292.9397825,-26.7402021,6277.00,3.10516100000
HATS-68 b,HATS-68,15.0060770,-58.9047242,6147.00,3.58622020000
HD 100655 b,HD 100655,173.7653631,20.4415410,4891.00,157.57001000000
HD 10180 e,HD 10180,24.4731133,-60.5114881,5911.00,49.74800000000
HD 102117 b,HD 102117,176.2097267,-58.7040134,5655.00,20.81330000000
HD 102329 b,HD 102329,176.6941567,3.4742143,4745.00,778.09998000000
HD 103720 b,HD 103720,179.1713308,-2.7791393,5017.00,4.55570000000
HD 103891 b,HD 103891,179.4382907,-8.5486195,6072.00,1919.00000000000
HD 104067 c,HD 104067,179.7923543,-20.3556058,4952.00,13.89920000000
HD 106315 b,HD 106315,183.4724742,-0.3934357,6327.00,9.55237000000
HD 109246 b,HD 109246,188.0271840,74.4893379,5844.00,68.27000000000
HD 110067 c,HD 110067,189.8392243,20.0273377,5266.00,13.67369400000
HD 110067 e,HD 110067,189.8392243,20.0273377,5266.00,30.79309100000
HD 110067 g,HD 110067,189.8392243,20.0273377,5266.00,54.76992000000
HD 114082 b,HD 114082,197.3171237,-60.3084347,6651.00,109.75000000000
HD 115404 A b,HD 115404 A,199.2155793,17.0160384,5019.17,10.49488000000
HD 116029 b,HD 116029,200.1646905,24.6484725,4819.00,670.00000000000
HD 118203 b,HD 118203,203.5099560,53.7281876,5742.00,6.13497790000
HD 126105 b,HD 126105,216.0016789,-19.8010960,4875.00,524.00000000000
HD 12661 b,HD 12661,31.1423525,25.4135632,5645.00,262.70862000000
HD 134606 c,HD 134606,228.8103897,-70.5203328,5576.00,58.88300000000
HD 134987 b,HD 134987,228.3675397,-25.3096721,5736.00,258.17999000000
HD 137388 b,HD 137388,233.9150820,-80.2044169,5181.00,330.00000000000
HD 142022 A b,HD 142022 A,242.5481731,-84.2317494,5421.00,1928.00000000000
HD 142245 b,HD 142245,238.2342443,15.4306118,4922.00,1299.00000000000
HD 149026 b,HD 149026,247.6229827,38.3475349,6179.00,2.87589000000
HD 150010 b,HD 150010,247.8670682,72.6125804,4153.00,562.00000000000
HD 150706 b,HD 150706,247.8255687,79.7894032,5961.00,5894.00000000000
HD 155358 c,HD 155358,257.3930947,33.3549277,5900.00,391.90000000000
HD 155918 b,HD 155918,260.5364025,-75.3492390,5771.84,1.87567000000
HD 156279 b,HD 156279,258.0966686,63.3527828,5453.00,133.40355000000
HD 156411 b,HD 156411,259.9639522,-48.5502313,5900.00,842.20000000000
HD 156846 b,HD 156846,260.1423366,-19.3343650,6090.00,359.51001000000
HD 158259 b,HD 158259,261.3495847,52.7904721,5801.89,2.17800000000
HD 158259 c,HD 158259,261.3495847,52.7904721,5801.89,3.43200000000
HD 158996 b,HD 158996,259.9051092,80.1364033,4069.00,820.20000000000
HD 1605 b,HD 1605,5.1317548,30.9750611,4915.00,577.20000000000
HD 160691 d,HD 160691,266.0361585,-51.8348751,5773.00,9.63920000000
HD 16175 b,HD 16175,39.2577379,42.0624526,5981.00,990.00000000000
HD 164922 c,HD 164922,270.6304652,26.3104077,5390.00,75.74000000000
HD 169830 b,HD 169830,276.9561859,-29.8167919,6300.00,225.67372000000
HD 174205 b,HD 174205,280.7932014,70.7928237,4308.00,582.00000000000
HD 177830 c,HD 177830,286.3363574,25.9204327,4949.00,110.90000000000
HD 18015 b,HD 18015,43.3636339,-8.8480392,5603.00,2278.00000000000
HD 180314 b,HD 180314,288.7094401,31.8604391,4917.00,394.73000000000
HD 180617 b,HD 180617,289.2277322,5.1631615,3534.00,105.91100000000
HD 190007 b,HD 190007,300.6956339,3.3266992,4610.00,11.72412800000
HD 190228 b,HD 190228,300.7537294,28.3065564,5360.00,1143.59858000000
HD 190360 c,HD 190360,300.9092476,29.8945410,5560.00,17.11625000000
HD 190984 b,HD 190984,302.8779827,-64.6202728,5988.00,4885.00000000000
HD 191939 f,HD 191939,302.0256247,66.8503014,5348.00,2898.00000000000
HD 192310 b,HD 192310,303.8284712,-27.0337556,5166.00,74.72000000000
HD 195019 b,HD 195019,307.0792427,18.7692509,5751.00,18.20132000000
HD 20003 b,HD 20003,46.9090081,-72.3219221,5494.00,11.84820000000
HD 20329 b,HD 20329,49.1781240,15.6563542,5596.00,0.92611800000
HD 207496 b,HD 207496,328.7181708,-77.3388025,4819.00,6.44100800000
HD 20794 d,HD 20794,49.9997666,-43.0666533,5368.00,89.68000000000
HD 21520 b,HD 21520,51.6403449,-43.6136649,5871.00,25.12920000000
HD 216435 b,HD 216435,343.4094703,-48.5986332,5999.00,1311.00000000000
HD 22532 b,HD 22532,53.8148478,-49.4172669,5038.00,872.60000000000
HD 240237 b,HD 240237,348.9259334,58.0432233,3926.00,745.70001000000
HD 24064 b,HD 24064,59.1510071,74.0800789,4052.00,535.59998000000
HD 260655 b,HD 260655,99.2915429,17.5662696,3803.00,2.76953000000
HD 27631 b,HD 27631,64.9392168,-41.9606604,5737.00,2198.14000000000
HD 285507 b,HD 285507,61.7556630,15.3349441,4503.00,6.08810000000
HD 30562 b,HD 30562,72.1529519,-5.6751152,5882.00,1157.00000000000
HD 30669 b,HD 30669,72.1198522,-28.4190757,5400.00,1684.00000000000
HD 3167 e,HD 3167,8.7401487,4.3807215,5261.00,96.63000000000
HD 33142 b,HD 33142,76.8980559,-13.9863374,5025.40,330.00000000000
HD 33844 c,HD 33844,78.1505649,-14.9509775,4861.00,916.00000000000
HD 37605 c,HD 37605,85.0074276,6.0595116,5329.00,2720.00000000000
HD 38283 b,HD 38283,84.2605324,-73.6998131,5981.00,363.20001000000
HD 38801 b,HD 38801,86.9963141,-8.3280256,5338.00,685.25000000000
HD 42012 b,HD 42012,92.4854730,34.1341722,5405.00,857.50000000000
HD 43691 b,HD 43691,94.8946124,41.0920773,6093.00,36.99870000000
HD 50554 b,HD 50554,103.6782730,24.2451409,5987.00,1293.00000000000
HD 51608 b,HD 51608,103.7137102,-55.2600189,5358.00,14.07260000000
HD 51608 c,HD 51608,103.7137102,-55.2600189,5358.00,95.94460000000
HD 55696 b,HD 55696,108.0622029,-38.1746390,6012.00,1827.00000000000
HD 5891 b,HD 5891,15.1383168,20.2923139,4673.00,177.11000000000
HD 60532 c,HD 60532,113.5130656,-22.2958661,6245.00,600.10000000000
HD 64121 b,HD 64121,117.3651424,-54.8126136,5078.00,623.00000000000
HD 72490 b,HD 72490,128.4028287,13.5507189,4934.00,858.00000000000
HD 72659 b,HD 72659,128.5128072,-1.5686323,5929.00,3549.00000000000
HD 72892 b,HD 72892,128.7195554,-14.4574311,5688.00,39.44603000000
HD 73534 b,HD 73534,129.8153421,12.9599703,4917.00,1750.00000000000
HD 7924 b,HD 7924,20.4956562,76.7101475,5131.00,5.39792000000
HD 80653 b,HD 80653,140.3390845,14.3678691,5959.00,0.71957300000
HD 8326 b,HD 8326,20.5314418,-26.8940678,4914.00,158.99100000000
HD 93385 d,HD 93385,161.5627065,-41.4646040,5977.00,45.85000000000
HD 95872 b,HD 95872,165.8658796,-22.0943303,5312.00,4375.00000000000
HD 96700 c,HD 96700,166.9742616,-30.1751383,5845.00,19.88000000000
HD 96992 b,HD 96992,167.5966158,43.9189897,4725.00,514.00000000000
HD 99492 b,HD 99492,171.6896870,3.0071331,4929.00,17.05030000000
HIP 10090 c,HIP 10090,32.4351198,-30.7470844,5661.00,321.82000000000
HIP 14810 d,HIP 14810,47.8092750,21.0971302,5544.00,981.80000000000
HIP 54373 b,HIP 54373,166.8643532,-19.2916857,4021.00,7.76000000000
HIP 55507 b,HIP 55507,170.5227246,46.9078030,4171.00,5138.43727000000
HIP 8923 b,HIP 8923,28.7250931,-11.5113361,5980.00,5160.00000000000
HIP 9618 b,HIP 9618,30.9050061,21.2813274,5649.00,20.77285800000
HIP 9618 c,HIP 9618,30.9050061,21.2813274,5649.00,52.56363000000
HIP 97166 c,HIP 97166,296.2446203,74.0628577,5216.00,16.43200000000
HR 8799 c,HR 8799,346.8701486,21.1340376,7204.58,69000.00000000000
HR 8799 d,HR 8799,346.8701486,21.1340376,7204.58,37000.00000000000
IRAS 04125+2902 b,IRAS 04125+2902,63.9283394,29.1665420,4080.00,8.83497800000
K2-10 b,K2-10,172.1216476,1.6906217,5533.00,19.30553000000
K2-100 b,K2-100,129.6010863,20.1060074,5945.00,1.67390350000
K2-108 b,K2-108,123.3818484,16.4195160,5599.00,4.73399900000
K2-110 b,K2-110,207.3497402,-12.2849182,5010.00,13.86375000000
K2-121 b,K2-121,126.9366624,17.5793267,4526.00,5.18573800000
K2-127 b,K2-127,207.0782895,-11.5889878,4575.00,3.58816300000
K2-136 d,K2-136,67.4128615,22.8825674,4500.00,25.57500000000
K2-138 g,K2-138,348.9490311,-10.8497391,5356.30,41.96797000000
K2-154 b,K2-154,189.0015173,-2.6696217,4097.00,3.67626000000
K2-165 b,K2-165,184.9004881,0.9683270,5185.00,2.35499200000
K2-165 c,K2-165,184.9004881,0.9683270,5185.00,4.38274500000
K2-173 b,K2-173,60.3752402,15.6251296,5580.00,5.86869900000
K2-177 b,K2-177,55.2296156,20.7360891,6063.00,14.15518500000
K2-183 d,K2-183,125.0071770,14.0194586,5482.00,22.62034400000
K2-187 b,K2-187,132.5235618,23.1924709,5438.00,0.77401000000
K2-187 c,K2-187,132.5235618,23.1924709,5438.00,2.87151200000
K2-19 b,K2-19,174.9602543,0.6035960,5322.00,7.91930000000
K2-195 c,K2-195,199.8315191,-8.5095364,5712.00,28.48278600000
K2-197 b,K2-197,202.3934779,-7.3739779,5667.00,8.35788100000
K2-198 b,K2-198,198.8436817,-6.4649888,5212.90,17.04286830000
K2-201 c,K2-201,293.5607117,-23.1312775,5507.00,22.77987800000
K2-205 b,K2-205,15.2175909,0.4259660,5890.00,26.67226300000
K2-214 b,K2-214,14.8759777,4.2277722,5875.00,8.59656000000
K2-22 b,K2-22,169.4827046,2.6190363,3879.00,0.38107300000
K2-224 b,K2-224,189.7041426,-10.0605942,5620.00,4.47904000000
K2-226 b,K2-226,183.6456643,-9.5626286,5288.00,3.27109000000
K2-228 b,K2-228,187.2947047,-6.8342028,4715.00,2.69828000000
K2-229 b,K2-229,186.8729195,-6.7218474,5315.00,0.58421600000
K2-244 b,K2-244,183.4686492,-3.8318097,5677.00,21.06884000000
K2-247 c,K2-247,188.8935189,-10.0692793,4667.00,6.49424000000
K2-248 b,K2-248,182.8173343,-9.4141696,5528.00,7.17256000000
K2-25 b,K2-25,63.2739346,15.2477027,3207.00,3.48456408000
K2-254 c,K2-254,185.5507926,-4.7172908,4629.00,12.11839000000
K2-255 b,K2-255,189.9128532,-3.3705631,4676.00,1.96417000000
K2-264 c,K2-264,131.3583524,19.6984010,3660.00,19.66030200000
K2-268 b,K2-268,133.7094899,11.8482712,5106.00,2.15167600000
K2-269 b,K2-269,130.1551381,13.0146799,6209.00,4.14496500000
K2-270 c,K2-270,131.2665588,13.5497322,4877.00,4.40002800000
K2-271 b,K2-271,125.2239144,16.0907958,5644.00,8.56242100000
K2-278 b,K2-278,203.3018653,-14.5041057,6747.00,3.33496600000
K2-291 b,K2-291,76.4459400,21.5481990,5520.00,2.22517700000
K2-308 b,K2-308,78.3391194,16.4141986,6100.00,3.38628000000
K2-312 c,HD 80653,140.3390845,14.3678691,5959.00,921.20000000000
K2-322 b,K2-322,156.6226981,4.7640203,4141.00,8.20500000000
K2-325 b,K2-325,353.9169507,-7.6867213,3287.00,6.93000000000
K2-33 b,K2-33,242.5613635,-19.3193831,3540.00,5.42486500000
K2-340 b,K2-340,127.9373409,19.0745863,5532.00,29.74045100000
K2-343 c,K2-343,134.2021746,21.5026882,3804.00,7.67697200000
K2-351 b,K2-351,206.6522408,-11.8049588,5769.00,7.80616400000
K2-352 c,K2-352,140.4451478,18.4696280,5791.00,8.23488500000
K2-365 b,K2-365,238.8197061,-21.0269691,5561.00,23.44817200000
K2-367 b,K2-367,337.8588454,-13.2644554,4348.00,20.64509900000
K2-369 b,K2-369,329.7262534,-10.8750666,5682.00,5.76161200000
K2-378 b,K2-378,205.1596569,-11.1172332,4823.00,2.06043800000
K2-390 b,K2-390,355.7023860,-9.5887124,5558.00,3.31279200000
K2-396 c,K2-396,74.6928607,17.2690562,5236.00,25.76051000000
K2-401 b,K2-401,154.9876040,3.9548275,4213.00,6.29309900000
K2-405 b,K2-405,164.3759959,12.5356140,4927.00,3.43547100000
K2-413 c,K2-413,353.4175668,-7.6120272,4116.00,5.33010000000
K2-415 b,K2-415,137.2015437,11.8622503,3173.00,4.01796940000
K2-45 b,K2-45,169.6327547,-1.7740582,4103.00,1.72926840000
K2-49 b,K2-49,177.3202331,3.4755183,4175.00,2.77065000000
K2-58 d,K2-58,333.8218395,-14.0498570,5413.00,22.88270000000
K2-59 c,K2-59,338.9425500,-14.0277270,5055.00,11.29540000000
K2-62 b,K2-62,334.3645089,-12.1874776,4455.00,6.67199000000
K2-69 b,K2-69,335.7596816,-10.4886817,4127.00,7.06599000000
K2-75 b,K2-75,338.8448960,-7.4698950,5995.00,7.81420000000
K2-80 b,K2-80,59.0374860,13.5590288,5441.00,19.09180000000
K2-9 b,K2-9,176.2637240,0.0054085,3390.00,18.44980000000
KELT-11 b,KELT-11,161.7069053,-9.3993646,5375.00,4.73620865000
KELT-12 b,KELT-12,267.6404906,36.5701761,6279.00,5.03162300000
KELT-3 b,KELT-3,148.6431193,40.3879446,6304.00,2.70339000000
KELT-6 c,KELT-6,195.9818362,30.6401450,6272.00,1276.00000000000
KELT-7 b,KELT-7,78.2955912,33.3179532,6768.00,2.73477000000
KIC 5479689 b,KIC 5479689,299.3254983,40.6381229,5459.10,1.70153100000
KIC 8540376 c,KOI-7892,282.3775397,44.6945690,6474.00,75.20000000000
KOI-142 c,KOI-142,291.1481028,40.6694130,5466.00,22.26492000000
KOI-1599.01,KOI-1599,298.3738383,40.6184483,5833.00,20.44150000000
KOI-1599.02,KOI-1599,298.3738383,40.6184483,5833.00,13.60880000000
KOI-351 h,KOI-351,284.4334642,49.3051239,6031.13,331.60296000000
Kepler-100 c,Kepler-100,291.3861294,41.9901394,5825.00,12.81590000000
Kepler-1002 b,Kepler-1002,293.0794629,43.0736770,6144.00,4.33642933100
Kepler-1004 b,Kepler-1004,297.3593427,49.7975464,4972.00,5.28789787000
Kepler-1006 b,Kepler-1006,295.7542063,42.5373065,5328.00,19.76172042000
Kepler-1007 b,Kepler-1007,295.9065297,45.8090893,4587.00,5.18500207300
Kepler-1010 b,Kepler-1010,289.1926026,44.1493165,5253.00,34.26857050000
Kepler-1014 b,Kepler-1014,285.1219875,44.1105331,5388.00,16.57110363000
Kepler-1019 b,Kepler-1019,283.7175909,47.2043818,4433.00,1.41122984700
Kepler-1025 b,Kepler-1025,284.5102140,43.9615628,6089.00,37.32294930000
Kepler-1028 b,Kepler-1028,289.5931004,49.7812447,5522.00,2.51462432000
Kepler-1029 b,Kepler-1029,292.1328738,41.5474786,5030.00,4.41769647900
Kepler-1033 b,Kepler-1033,283.8450963,44.6090251,5547.00,7.56052806000
Kepler-1036 b,Kepler-1036,295.1817093,49.9458172,5533.00,122.88080580000
Kepler-1038 c,Kepler-1038,298.9721472,44.1323499,5159.00,7.12765979800
Kepler-1044 b,Kepler-1044,293.1444017,46.6662155,5985.00,6.77408868000
Kepler-1045 b,Kepler-1045,284.1832668,45.0740897,5301.00,26.41045478000
Kepler-1047 b,Kepler-1047,288.6462564,50.7889645,5754.00,56.18868870000
Kepler-1049 b,Kepler-1049,287.3469567,47.7729078,3864.00,3.27346073600
Kepler-1056 b,Kepler-1056,299.5259832,46.8992561,6127.00,27.49560600000
Kepler-1058 b,Kepler-1058,294.5956256,45.8750556,4644.00,110.96546000000
Kepler-1059 b,Kepler-1059,289.2202147,41.7064385,4906.00,3.76419104800
Kepler-1060 b,Kepler-1060,286.0252285,39.6309204,5797.00,46.87793670000
Kepler-1064 b,Kepler-1064,291.7415821,37.6888103,5153.00,16.54080322000
Kepler-1066 b,Kepler-1066,298.8666210,46.5022325,5762.00,1.93155983900
Kepler-1074 b,Kepler-1074,284.4766869,46.2526781,4002.00,5.94566534000
Kepler-1083 b,Kepler-1083,283.1618831,45.1983360,5049.00,33.41779930000
Kepler-1085 c,Kepler-1085,287.4776359,46.1411685,5816.00,56.77710000000
Kepler-1087 b,Kepler-1087,294.9789253,46.0056741,5589.00,0.69384285500
Kepler-1099 b,Kepler-1099,288.7499866,48.2771163,5837.00,2.16845259300
Kepler-11 b,Kepler-11,297.1150949,41.9091092,5663.00,10.30390000000
Kepler-110 b,Kepler-110,292.9291693,48.6028303,5960.00,12.69111200000
Kepler-110 c,Kepler-110,292.9291693,48.6028303,5960.00,31.71977500000
Kepler-1106 b,Kepler-1106,291.1451576,44.0624715,6104.00,1.25275217400
Kepler-111 b,Kepler-111,291.6531630,44.6882613,5952.00,3.34181500000
Kepler-1110 b,Kepler-1110,291.8080645,38.6226615,4781.00,9.69312032000
Kepler-112 c,Kepler-112,296.9811361,43.2097025,5544.00,28.57426300000
Kepler-1120 b,Kepler-1120,290.9144516,42.2865522,4904.00,2.94902905200
Kepler-1122 b,Kepler-1122,288.2805801,46.3408747,5544.00,42.19173570000
Kepler-1126 b,Kepler-1126,285.6919550,45.6893993,5798.00,108.59332900000
Kepler-1129 b,Kepler-1129,291.6044965,41.3093275,5831.00,24.33978040000
Kepler-114 b,Kepler-114,294.1214820,48.3497977,4605.00,5.18854900000
Kepler-1142 b,Kepler-1142,292.7144796,44.0822816,5685.00,18.30272480000
Kepler-1143 c,Kepler-1143,287.3027720,39.2896399,5053.00,210.63059100000
Kepler-1146 b,Kepler-1146,286.7167120,47.4256580,4692.00,2.35226579700
Kepler-115 b,Kepler-115,297.7119299,45.2619850,5979.00,2.40367900000
Kepler-115 c,Kepler-115,297.7119299,45.2619850,5979.00,8.99088900000
Kepler-1152 b,Kepler-1152,290.4341483,44.1077802,3964.00,1.64680190800
Kepler-1154 c,Kepler-1154,297.4771158,39.8772345,6327.00,8.45808312000
Kepler-1155 b,Kepler-1155,288.8206058,39.5228712,5842.00,33.46974300000
Kepler-116 b,Kepler-116,294.7420605,43.5367842,6142.00,5.96873400000
Kepler-1167 b,Kepler-1167,298.3026595,47.6939654,4971.00,1.00393373900
Kepler-1169 b,Kepler-1169,294.9115874,46.4914718,6191.00,6.11009134000
Kepler-1176 b,Kepler-1176,297.9197240,45.2742038,5844.00,24.17385790000
Kepler-1178 b,Kepler-1178,288.4561183,45.8022258,4990.00,31.80634000000
Kepler-1184 b,Kepler-1184,291.2820310,46.9659514,5983.00,53.59910440000
Kepler-1186 b,Kepler-1186,288.4796333,47.1017438,5635.00,16.07677615000
Kepler-1189 b,Kepler-1189,298.4264116,47.9468194,6012.00,3.78858982000
Kepler-119 b,Kepler-119,295.9463854,42.6588324,5595.00,2.42208200000
Kepler-1195 b,Kepler-1195,284.3510523,40.8529319,4965.00,8.49642241000
Kepler-12 b,Kepler-12,286.2434458,50.0403671,5947.00,4.43796290000
Kepler-1205 b,Kepler-1205,290.2796734,41.5150499,5226.00,1.07839035200
Kepler-1207 b,Kepler-1207,295.0641963,49.3589615,5909.00,13.68237119000
Kepler-1211 b,Kepler-1211,285.7207618,40.8569116,5705.00,11.01816836000
Kepler-1214 b,Kepler-1214,285.1427113,49.8006565,5130.00,18.82634264000
Kepler-1215 b,Kepler-1215,297.4636477,48.1813978,5616.00,4.76703963000
Kepler-1218 b,Kepler-1218,291.5788505,44.5316825,5986.00,22.92212660000
Kepler-1219 b,Kepler-1219,297.2158443,47.3785082,5944.00,16.10467749000
Kepler-122 d,Kepler-122,291.1118647,39.9490248,6050.00,21.58747500000
Kepler-122 f,Kepler-122,291.1118647,39.9490248,5917.00,56.26800000000
Kepler-1221 b,Kepler-1221,285.8223636,45.7118423,5194.00,12.00096042000
Kepler-1225 b,Kepler-1225,290.6332748,40.1369671,6140.00,7.01075434000
Kepler-1228 b,Kepler-1228,296.5527610,46.9661945,5063.00,0.57736957900
Kepler-1229 b,Kepler-1229,297.4868347,46.9966782,3784.00,86.82898900000
Kepler-123 b,Kepler-123,296.9985853,42.7819633,6089.00,17.23236600000
Kepler-1230 b,Kepler-1230,283.2645129,41.7114526,5961.00,9.95661537000
Kepler-1234 b,Kepler-1234,287.5220359,51.3759464,4967.00,11.94014029000
Kepler-1242 b,Kepler-1242,284.6062174,41.1963440,4895.00,13.62798432000
Kepler-1244 b,Kepler-1244,282.3012505,46.5161814,6680.00,3.70428172000
Kepler-1249 b,Kepler-1249,296.8948517,44.3717429,6202.00,24.33471270000
Kepler-1252 b,Kepler-1252,298.9503634,46.6928437,5949.00,15.05403290000
Kepler-1254 d,Kepler-1254,285.1733174,48.7700099,4985.00,5.72717226000
Kepler-1256 b,Kepler-1256,291.4742443,44.6834119,6129.00,12.41277540000
Kepler-1257 b,Kepler-1257,296.0756231,45.6270165,5502.00,2.66831376200
Kepler-1262 b,Kepler-1262,288.7718287,42.2131694,5771.00,8.67900242000
Kepler-1269 b,Kepler-1269,287.8055442,45.3405371,5998.00,37.33315360000
Kepler-127 c,Kepler-127,285.1899439,46.0280596,6106.00,29.39319500000
Kepler-1272 b,Kepler-1272,285.2197605,38.8058393,5926.00,51.13097040000
Kepler-1275 b,Kepler-1275,293.5004955,44.9324455,6296.00,3.65691115000
Kepler-1278 b,Kepler-1278,282.9569197,42.8255589,6074.00,3.23941344000
Kepler-1287 b,Kepler-1287,289.1346298,47.0630180,5715.00,11.47685909000
Kepler-1289 b,Kepler-1289,296.3887670,41.0405090,6080.00,7.99019627000
Kepler-129 c,Kepler-129,285.3111845,47.8484775,5770.00,82.20000000000
Kepler-129 d,Kepler-129,285.3111845,47.8484775,5770.00,2646.00000000000
Kepler-1290 b,Kepler-1290,290.6852287,43.8596155,5660.00,4.69500134000
Kepler-1296 b,Kepler-1296,292.1251038,41.4077928,5359.00,8.38398650000
Kepler-130 b,Kepler-130,288.4505905,40.2452006,5884.00,8.45745800000
Kepler-130 d,Kepler-130,288.4505905,40.2452006,5884.00,87.51790500000
Kepler-1302 b,Kepler-1302,290.9892462,50.3080640,5236.00,8.83922659000
Kepler-1303 b,Kepler-1303,284.2871470,42.3555784,5771.00,7.56127224000
Kepler-1309 b,Kepler-1309,298.7351131,40.7641262,5235.00,28.84326470000
Kepler-1312 b,Kepler-1312,292.9712801,41.0357494,5719.00,5.44832528600
Kepler-1312 c,Kepler-1312,292.9712801,41.0357494,5721.00,1.11611998100
Kepler-1321 b,Kepler-1321,294.5285970,46.6408737,4094.00,11.12830484000
Kepler-1333 b,Kepler-1333,293.5275797,41.1113940,5628.00,109.64718420000
Kepler-1335 b,Kepler-1335,284.8384394,42.0703371,4903.00,6.26406846000
Kepler-1342 b,Kepler-1342,297.0200549,43.4325382,5527.00,2.21571035800
Kepler-135 c,Kepler-135,290.4950939,38.7954956,6090.00,11.44870800000
Kepler-1351 b,Kepler-1351,293.6084289,42.1978746,4439.00,0.91614076800
Kepler-1356 b,Kepler-1356,290.9953825,43.2438792,5106.00,0.63400293700
Kepler-1374 b,Kepler-1374,291.3499783,45.1722521,5323.00,10.65276707000
Kepler-1378 b,Kepler-1378,297.3734030,40.3663986,4407.00,11.95398936000
Kepler-1388 b,Kepler-1388,283.3360156,47.1744499,4098.00,12.28546030000
Kepler-139 b,Kepler-139,282.3919451,43.8894167,5594.00,15.77104400000
Kepler-1390 b,Kepler-1390,298.6624419,48.2488659,5753.00,6.48021673000
Kepler-1394 b,Kepler-1394,283.4532068,45.0840729,6481.00,3.93766373000
Kepler-1408 b,Kepler-1408,282.6998783,45.4257884,6170.00,2.99793191000
Kepler-1419 b,Kepler-1419,292.2545917,37.9713760,5796.00,42.52158950000
Kepler-1427 b,Kepler-1427,295.3496546,45.1145372,5793.00,0.96897237600
Kepler-143 c,Kepler-143,298.0676519,49.4125410,5848.00,27.08251100000
Kepler-1434 b,Kepler-1434,295.5384415,51.2030002,6291.00,8.05333618000
Kepler-1441 b,Kepler-1441,293.7191177,43.1245756,5802.00,39.44198390000
Kepler-1448 b,Kepler-1448,287.8674123,50.5955846,5774.00,12.27065865000
Kepler-1455 b,Kepler-1455,294.0830662,50.5027572,4075.00,49.27676400000
Kepler-1458 b,Kepler-1458,283.2115971,41.0380135,5653.00,47.98727640000
Kepler-1460 b,Kepler-1460,285.5577888,44.0108221,4422.00,29.96332470000
Kepler-1467 b,Kepler-1467,295.0485389,45.3426781,5332.00,47.05690430000
Kepler-1468 c,Kepler-1468,293.5198289,41.2773671,5893.00,3.54553021000
Kepler-1471 b,Kepler-1471,289.6649171,50.0200612,5660.00,3.63899398000
Kepler-1473 b,Kepler-1473,290.6365144,48.9961494,6046.00,14.42735510000
Kepler-1480 b,Kepler-1480,291.9998055,49.3018321,5156.00,22.12679948000
Kepler-1488 c,Kepler-1488,286.6464265,49.9377735,5710.00,6.15826988200
Kepler-1489 b,Kepler-1489,281.2957984,44.4654063,5655.00,82.29475100000
Kepler-149 c,Kepler-149,285.8537014,38.3840916,5381.00,55.32832800000
Kepler-1490 b,Kepler-1490,295.6935734,42.6094543,5515.00,92.43629730000
Kepler-1491 b,Kepler-1491,293.6297645,45.7406293,5728.00,16.58617620000
Kepler-1492 b,Kepler-1492,288.5970695,41.0363254,4712.00,16.75255007000
Kepler-1494 b,Kepler-1494,282.6573891,43.1625334,5659.00,91.08048200000
Kepler-1495 b,Kepler-1495,286.1306907,38.7795494,5831.00,85.27325600000
Kepler-1496 b,Kepler-1496,293.9739359,45.3507167,6182.00,64.65880170000
Kepler-150 c,Kepler-150,288.2341025,40.5208970,5560.00,7.38199800000
Kepler-150 d,Kepler-150,288.2341025,40.5208970,5560.00,12.56093000000
Kepler-150 e,Kepler-150,288.2341025,40.5208970,5560.00,30.82655700000
Kepler-1501 b,Kepler-1501,289.9185890,42.0014280,6229.00,14.55645330000
Kepler-1502 b,Kepler-1502,296.1079271,39.3199201,6666.00,41.70836290000
Kepler-1506 b,Kepler-1506,290.1498822,41.4645625,5676.00,14.03291540000
Kepler-151 c,Kepler-151,292.1627933,41.0231947,5460.00,24.67461200000
Kepler-1512 b,Kepler-1512,289.2744976,44.4704056,4372.00,20.35972599000
Kepler-1518 b,Kepler-1518,300.3323404,44.9861065,6846.00,5.11177904000
Kepler-1518 c,Kepler-1518,300.3323404,44.9861065,6432.00,9.63102580000
Kepler-1533 b,Kepler-1533,295.9755645,44.7133739,6431.00,308.54710000000
Kepler-154 c,Kepler-154,289.7805393,49.8965624,5690.00,62.30327600000
Kepler-1542 d,Kepler-1542,285.7284757,42.6544651,5564.00,5.99273738000
Kepler-1542 e,Kepler-1542,285.7284757,42.6544651,5564.00,5.10115756000
Kepler-1548 b,Kepler-1548,287.4711817,46.0805706,5706.00,124.82867900000
Kepler-1554 b,Kepler-1554,286.5760160,41.7415762,5297.00,198.08877400000
Kepler-156 b,Kepler-156,290.2964214,37.7494271,5094.00,4.97345600000
Kepler-158 d,Kepler-158,284.0323723,39.7815365,4895.97,0.64508800000
Kepler-1581 b,Kepler-1581,287.3713199,39.6036225,6022.00,6.28385491000
Kepler-1582 b,Kepler-1582,289.3765441,41.1580845,3208.00,4.83817712000
Kepler-1585 b,Kepler-1585,296.1589897,44.5630457,5538.00,3.58274630000
Kepler-159 c,Kepler-159,297.0702037,40.8687340,4625.00,43.59579200000
Kepler-1594 b,Kepler-1594,293.6230451,47.9619127,5946.00,2.71603809000
Kepler-1596 b,Kepler-1596,285.5575066,49.3300866,5706.00,66.37337900000
Kepler-1597 b,Kepler-1597,288.1639687,42.4810124,6377.00,2.94654179000
Kepler-1599 b,Kepler-1599,286.2208685,41.1511886,5767.00,122.36355300000
Kepler-1600 b,Kepler-1600,291.3993802,38.7877563,5214.00,386.37054800000
Kepler-1609 b,Kepler-1609,290.1465356,39.6658026,6132.00,114.34219000000
Kepler-161 b,Kepler-161,290.5164698,43.0838642,5078.00,4.92135500000
Kepler-161 c,Kepler-161,290.5164698,43.0838642,5078.00,7.06424000000
Kepler-162 c,Kepler-162,297.2789115,43.7239693,5816.00,19.44635500000
Kepler-1624 b,Kepler-1624,292.5798564,37.3762616,3768.00,3.29031400000
Kepler-163 b,Kepler-163,295.0027458,46.9873389,5776.00,7.81093700000
Kepler-1630 b,Kepler-1630,297.5083004,43.7110543,4736.00,509.99740200000
Kepler-1631 b,Kepler-1631,294.6325781,43.8076687,5679.00,4.09513932000
Kepler-1632 b,Kepler-1632,294.4948769,43.9135575,6137.00,448.30355800000
Kepler-1634 b,Kepler-1634,294.0433990,45.1398201,5474.00,374.87623900000
Kepler-1636 b,Kepler-1636,294.0575681,46.4409844,5797.00,425.47785000000
Kepler-164 c,Kepler-164,287.7808115,47.6298453,5888.00,10.94572300000
Kepler-1641 b,Kepler-1641,296.3594560,41.5745321,6152.00,19.67226600000
Kepler-1649 b,Kepler-1649,292.5029676,41.8299933,3240.00,8.68909900000
Kepler-165 b,Kepler-165,280.6909200,47.8096702,5211.00,8.18084800000
Kepler-1665 b,Kepler-1665,290.3962400,41.0399229,5049.84,11.95480000000
Kepler-167 c,Kepler-167,292.6585253,38.3455558,4884.00,7.40610600000
Kepler-167 e,Kepler-167,292.6585253,38.3455558,4884.00,1071.23205000000
Kepler-1679 b,Kepler-1679,293.9005786,50.4270507,5501.00,9.75376000000
Kepler-1685 b,Kepler-1685,296.1882618,43.9368118,5484.00,20.49050000000
Kepler-1691 b,Kepler-1691,286.2543962,41.0218373,6000.00,3.84820000000
Kepler-1697 b,Kepler-1697,287.6633310,43.4713782,4681.53,33.49690000000
Kepler-1699 b,Kepler-1699,292.1373281,48.9171579,5575.53,3.49082000000
Kepler-170 b,Kepler-170,284.5211975,41.6296562,5679.00,7.93059200000
Kepler-1701 b,Kepler-1701,286.6088625,41.8892986,5146.00,169.13400000000
Kepler-171 b,Kepler-171,296.7719082,41.7555958,5642.00,4.16697200000
Kepler-1713 b,Kepler-1713,287.3456737,43.3783894,6477.00,18.01160049000
Kepler-172 c,Kepler-172,283.3684093,41.8218390,5526.00,6.38899600000
Kepler-1723 b,Kepler-1723,294.4627362,46.8214022,6072.00,39.75289917000
Kepler-173 c,Kepler-173,294.6466171,41.8840952,6031.00,8.00577700000
Kepler-1730 b,Kepler-1730,281.9605834,43.7030386,5942.00,13.81019974000
Kepler-1738 b,Kepler-1738,296.1313474,47.4388098,6063.00,7.67463016500
Kepler-1739 b,Kepler-1739,296.2320536,47.6788626,5757.00,7.34370994600
Kepler-174 d,Kepler-174,287.4389454,43.8320052,4880.00,247.35373000000
Kepler-1744 b,Kepler-1744,291.0206823,42.4624633,5986.00,37.10110092000
Kepler-175 b,Kepler-175,289.5532320,43.8761160,6064.00,11.90351500000
Kepler-1752 b,Kepler-1752,290.8541401,51.2227435,5446.00,56.35850143000
Kepler-1756 b,Kepler-1756,294.3649040,40.7208898,4915.00,2.35575008400
Kepler-1759 b,Kepler-1759,298.4656275,48.5593334,5017.00,3.72023010300
Kepler-176 b,Kepler-176,294.6679021,43.8532104,5232.00,5.43307400000
Kepler-1762 b,Kepler-1762,290.4931471,39.7855117,6572.00,29.53910065000
Kepler-179 c,Kepler-179,298.6636163,47.7619329,5302.00,6.40013000000
Kepler-1790 b,Kepler-1790,294.5668577,46.0757312,5866.00,31.58889961000
Kepler-1792 b,Kepler-1792,294.8400788,39.0859757,5229.00,4.19577980000
Kepler-180 b,Kepler-180,295.5712566,49.7745140,5731.00,13.81712400000
Kepler-180 c,Kepler-180,295.5712566,49.7745140,5731.00,41.88577500000
Kepler-1801 b,Kepler-1801,295.1640095,39.2014024,5738.00,10.44089985000
Kepler-1802 c,Kepler-1802,300.2420869,44.1412854,4245.00,33.13610077000
Kepler-1805 b,Kepler-1805,285.0865387,40.8990506,3867.00,8.84794044500
Kepler-181 c,Kepler-181,296.1512831,50.0957806,5333.00,4.30214900000
Kepler-1810 b,Kepler-1810,291.8129995,38.0880964,5492.00,101.13300320000
Kepler-1814 b,Kepler-1814,285.2166767,41.2824449,4922.00,2.93535995500
Kepler-1817 b,Kepler-1817,282.0333419,44.4779955,5316.00,44.29919815000
Kepler-182 c,Kepler-182,289.8301128,50.5862025,6250.00,20.68434200000
Kepler-1822 b,Kepler-1822,297.2855000,41.3055733,5165.00,22.13339996000
Kepler-1836 b,Kepler-1836,292.3150933,40.8387799,6123.00,5.25416994100
Kepler-184 b,Kepler-184,291.9518784,43.0746172,5788.00,10.68757600000
Kepler-184 c,Kepler-184,291.9518784,43.0746172,5788.00,20.30300500000
Kepler-1858 b,Kepler-1858,292.3074315,46.6265790,4939.00,88.07160187000
Kepler-1859 b,Kepler-1859,293.9886751,46.7179996,5887.00,2.72959995300
Kepler-186 b,Kepler-186,298.6527360,43.9549884,3788.00,3.88679070000
Kepler-1863 b,Kepler-1863,282.2397185,43.2440854,5871.00,44.99760056000
Kepler-1864 b,Kepler-1864,289.6867653,41.5889178,5854.00,3.88151001900
Kepler-1872 b,Kepler-1872,281.0491988,43.3225996,5223.00,3.82591009100
Kepler-1882 b,Kepler-1882,290.6640856,43.4997866,5691.00,13.78730011000
Kepler-190 c,Kepler-190,288.5839761,44.7337701,5106.00,3.76302400000
Kepler-1905 b,Kepler-1905,292.5733475,46.3668273,5788.00,3.42392993000
Kepler-1909 b,Kepler-1909,290.8894090,42.4596251,4935.00,2.39160990700
Kepler-191 b,Kepler-191,291.1833211,45.3230937,5282.00,9.93963200000
Kepler-191 c,Kepler-191,291.1833211,45.3230937,5282.00,17.73850600000
Kepler-1911 b,Kepler-1911,299.3035590,41.4410233,5721.00,5.99079990400
Kepler-192 b,Kepler-192,287.9179379,45.5928829,5479.00,9.92674600000
Kepler-1921 c,Kepler-1921,300.3161723,45.4953271,6120.00,3.15722086000
Kepler-1924 b,Kepler-1924,293.7673860,42.8291562,5726.00,15.33170033000
Kepler-1926 b,Kepler-1926,291.1987905,44.1662033,5256.00,42.87770081000
Kepler-193 b,Kepler-193,296.4985951,46.5772484,6335.00,11.38848000000
Kepler-1932 b,Kepler-1932,285.3314903,41.0638435,5278.00,0.52417701500
Kepler-1935 b,Kepler-1935,296.4037783,39.7227036,5570.00,3.95140004200
Kepler-1936 b,Kepler-1936,290.7300141,44.8361280,6501.00,126.55699920000
Kepler-1942 b,Kepler-1942,294.9805416,44.4252384,5834.00,4.62604999500
Kepler-1948 b,Kepler-1948,287.3640804,47.7853043,3872.00,15.57129955000
Kepler-1952 b,Kepler-1952,288.0764082,43.9584839,5973.00,27.21080017000
Kepler-1955 b,Kepler-1955,299.5347603,40.4777528,5825.00,14.26519966000
Kepler-196 c,Kepler-196,284.9685077,42.0791214,5128.00,47.42773700000
Kepler-1962 b,Kepler-1962,289.5483989,40.1641457,5700.00,7.99145984600
Kepler-1963 b,Kepler-1963,296.5875182,47.2071290,5726.00,1.96226000800
Kepler-1980 b,Kepler-1980,295.1672065,38.6370390,5819.00,33.02571790000
Kepler-1986 b,Kepler-1986,292.9582727,42.8548909,5549.00,19.54896660000
Kepler-1987 b,Kepler-1987,295.8254663,42.9433716,4769.00,2.34586300200
Kepler-1987 e,Kepler-1987,295.8254663,42.9433716,4769.00,8.74292005000
Kepler-200 c,Kepler-200,284.4099503,41.2374928,5678.00,10.22215700000
Kepler-2000 c,Kepler-2000,285.5743032,49.9621218,3757.00,20.61803480000
Kepler-2001 b,Kepler-2001,291.6594558,50.5838585,5081.00,1.09001100300
Kepler-202 b,Kepler-202,282.9734874,41.3217991,4668.00,4.06942700000
Kepler-204 b,Kepler-204,285.3471620,41.7618450,5812.00,14.40097400000
Kepler-205 b,Kepler-205,285.2866912,41.8609357,4321.00,2.75564000000
Kepler-212 b,Kepler-212,287.6208165,43.1416239,5852.00,16.25758200000
Kepler-213 c,Kepler-213,290.8241931,44.6472832,5696.00,4.82296200000
Kepler-214 c,Kepler-214,284.7548499,44.9560500,6169.00,28.77980000000
Kepler-215 e,Kepler-215,294.9735313,45.2136867,5739.00,68.16101000000
Kepler-216 c,Kepler-216,293.7280695,46.1291139,6091.00,17.40666900000
Kepler-218 b,Kepler-218,295.4128785,46.2665801,5502.00,3.61933700000
Kepler-219 c,Kepler-219,288.7389481,46.7625929,5786.00,22.71461300000
Kepler-220 b,Kepler-220,291.5060432,46.8956262,4632.00,4.15980700000
Kepler-220 e,Kepler-220,291.5060432,46.8956262,4632.00,45.90273300000
Kepler-221 d,Kepler-221,296.6547477,46.8352242,5243.00,10.04156000000
Kepler-224 d,Kepler-224,290.9342679,47.3575414,5018.00,11.34939300000
Kepler-224 e,Kepler-224,290.9342679,47.3575414,5018.00,18.64357700000
Kepler-228 b,Kepler-228,296.2860853,48.2246328,6043.00,2.56654600000
Kepler-228 d,Kepler-228,296.2860853,48.2246328,6043.00,11.09428600000
Kepler-229 b,Kepler-229,286.9994758,48.3757867,5120.00,6.25297200000
Kepler-229 c,Kepler-229,286.9994758,48.3757867,5120.00,16.06863800000
Kepler-229 d,Kepler-229,286.9994758,48.3757867,5120.00,41.19491200000
Kepler-230 c,Kepler-230,285.7185682,48.5058038,5588.00,91.77324200000
Kepler-231 b,Kepler-231,293.9733913,50.5318460,3767.00,10.06527500000
Kepler-233 c,Kepler-233,296.3665054,51.3194548,5360.00,60.41895500000
Kepler-234 c,Kepler-234,291.6535379,38.4946597,6224.00,7.21205000000
Kepler-235 d,Kepler-235,286.0790779,39.2782370,4255.00,20.06054800000
Kepler-238 c,Kepler-238,287.8971066,40.6378141,5751.00,6.15555700000
Kepler-238 d,Kepler-238,287.8971066,40.6378141,5751.00,13.23354900000
Kepler-238 f,Kepler-238,287.8971066,40.6378141,5800.00,50.44700000000
Kepler-239 b,Kepler-239,294.2020505,40.6633313,4914.00,11.76305100000
Kepler-24 d,Kepler-24,290.4132621,38.3437283,5897.00,4.24438400000
Kepler-244 b,Kepler-244,287.2426410,42.3014185,5554.00,4.31179200000
Kepler-246 c,Kepler-246,296.4834007,42.6633806,5206.00,11.18716100000
Kepler-247 b,Kepler-247,288.6425609,43.0393769,5100.00,3.33616000000
Kepler-248 c,Kepler-248,293.0613138,43.5813577,5190.00,16.23949400000
Kepler-250 b,Kepler-250,289.5947633,44.1418114,5160.00,4.14814100000
Kepler-253 c,Kepler-253,291.8419337,44.8581240,5208.00,10.28195100000
Kepler-253 d,Kepler-253,291.8419337,44.8581240,5208.00,18.11986900000
Kepler-258 c,Kepler-258,294.0684116,46.5791357,4942.00,33.65307900000
Kepler-262 c,Kepler-262,290.7287168,37.2526575,5841.00,21.85372200000
Kepler-263 b,Kepler-263,292.4698022,37.5677941,5265.00,16.56808700000
Kepler-264 c,Kepler-264,292.0446280,37.3761861,6158.00,140.10126100000
Kepler-266 c,Kepler-266,294.4843821,44.1669355,5885.00,107.72360100000
Kepler-267 b,Kepler-267,299.8305655,47.1575741,4258.00,3.35372800000
Kepler-267 d,Kepler-267,299.8305655,47.1575741,4258.00,28.46451500000
Kepler-268 c,Kepler-268,291.9761559,38.0550327,6081.00,83.44639300000
Kepler-27 b,Kepler-27,292.2367608,41.0858710,5400.00,15.33480000000
Kepler-272 b,Kepler-272,299.1275257,47.5938319,5297.00,2.97135300000
Kepler-272 c,Kepler-272,299.1275257,47.5938319,5297.00,6.05734200000
Kepler-276 d,Kepler-276,293.5681970,39.0363123,5693.00,48.64800000000
Kepler-28 c,Kepler-28,292.1370409,42.4294835,4499.30,8.99000000000
Kepler-280 c,Kepler-280,291.3905325,42.1804735,5744.00,4.80709100000
Kepler-281 b,Kepler-281,294.1081465,44.7706524,5723.00,14.64600800000
Kepler-281 d,Kepler-281,294.1081465,44.7706524,5717.00,148.27200320000
Kepler-282 e,Kepler-282,284.6772402,44.7976401,5656.00,44.34700000000
Kepler-283 b,Kepler-283,293.6137413,47.8389380,4351.00,11.00815100000
Kepler-288 c,Kepler-288,288.9163997,39.5947523,5918.00,19.30577200000
Kepler-29 c,Kepler-29,298.3483820,47.4913021,5378.00,13.28613000000
Kepler-292 b,Kepler-292,295.7661979,42.4242822,5299.00,2.58082700000
Kepler-292 e,Kepler-292,295.7661979,42.4242822,5299.00,11.97901000000
Kepler-296 c,Kepler-296,286.5400278,49.4372614,3740.00,5.84163660000
Kepler-296 f,Kepler-296,286.5400278,49.4372614,3740.00,63.33627000000
Kepler-298 b,Kepler-298,283.0398448,48.8253303,4465.00,10.47546400000
Kepler-298 d,Kepler-298,283.0398448,48.8253303,4465.00,77.47363300000
Kepler-299 b,Kepler-299,283.2070156,48.5805222,5617.00,2.92712800000
Kepler-300 c,Kepler-300,295.2886934,48.5997243,5986.00,40.71495500000
Kepler-301 b,Kepler-301,283.9829040,49.2329512,5815.00,2.50855300000
Kepler-301 c,Kepler-301,283.9829040,49.2329512,5815.00,5.41902600000
Kepler-307 c,Kepler-307,297.7950939,40.4176403,5367.00,13.07290000000
Kepler-310 d,Kepler-310,288.8392780,46.9867472,5797.00,92.87612500000
Kepler-311 c,Kepler-311,282.0612731,47.0854984,5905.00,19.73828600000
Kepler-312 c,Kepler-312,298.3957687,42.4597712,6115.00,19.74741200000
Kepler-313 c,Kepler-313,298.2948708,48.7754000,5727.00,32.27327300000
Kepler-317 b,Kepler-317,294.9438822,39.0320499,5497.00,5.52424200000
Kepler-32 e,Kepler-32,297.8423073,46.5743595,3900.00,2.89600000000
Kepler-32 f,Kepler-32,297.8423073,46.5743595,3900.00,0.74296000000
Kepler-322 c,Kepler-322,281.3487514,44.2952525,5388.00,4.33723400000
Kepler-324 e,Kepler-324,286.4714473,49.6490933,5191.00,13.97939968000
Kepler-326 c,Kepler-326,294.3255898,46.0022646,5105.00,4.58035800000
Kepler-327 c,Kepler-327,292.6422963,44.0876251,3799.00,5.21233300000
Kepler-330 b,Kepler-330,288.4474035,44.8017616,5117.00,8.25978000000
Kepler-332 d,Kepler-332,286.6627811,47.4136938,4955.00,34.21154000000
Kepler-333 b,Kepler-333,292.2861201,40.9135429,4259.00,12.55115800000
Kepler-338 b,Kepler-338,282.9790593,40.7844188,5923.00,13.72697600000
Kepler-340 b,Kepler-340,295.9334710,40.3005515,6620.00,14.84438700000
Kepler-340 c,Kepler-340,295.9334710,40.3005515,6620.00,22.82466900000
Kepler-341 d,Kepler-341,289.8615609,43.4727412,6012.00,27.66631300000
Kepler-342 e,Kepler-342,292.6780488,46.7266813,6366.00,1.64422461300
Kepler-343 b,Kepler-343,291.9606620,42.4329567,5807.00,8.96855000000
Kepler-347 d,Kepler-347,289.1995995,49.3056404,5592.00,85.51734400000
Kepler-348 b,Kepler-348,297.2550814,40.5483883,6177.00,7.05677000000
Kepler-350 c,Kepler-350,285.4195845,39.7061009,6492.30,17.84900000000
Kepler-354 d,Kepler-354,285.7515347,41.3356739,4648.00,24.20984200000
Kepler-355 b,Kepler-355,285.7994917,42.8117427,6184.00,11.03189000000
Kepler-357 c,Kepler-357,291.2429746,44.0086337,5036.00,16.85837000000
Kepler-359 d,Kepler-359,293.2936129,42.1963497,6248.00,77.09569100000
Kepler-363 d,Kepler-363,283.1920779,41.3054172,5593.00,11.93212500000
Kepler-364 c,Kepler-364,281.5699998,47.3986233,6108.00,59.98062700000
Kepler-365 c,Kepler-365,295.6265640,49.1304110,6012.00,17.78412900000
Kepler-369 b,Kepler-369,293.6743322,47.9084727,3591.00,2.73275600000
Kepler-372 b,Kepler-372,291.2562253,49.2589288,6509.00,6.84969200000
Kepler-372 c,Kepler-372,291.2562253,49.2589288,6509.00,20.05376300000
Kepler-374 d,Kepler-374,294.1378921,42.3704075,5977.00,5.02821900000
Kepler-375 b,Kepler-375,288.6178715,48.0983639,5826.00,12.12593400000
Kepler-375 c,Kepler-375,288.6178715,48.0983639,5826.00,19.98632600000
Kepler-381 d,Kepler-381,285.1828685,43.8310283,6197.00,8.25629997300
Kepler-382 b,Kepler-382,299.1362435,45.8699582,5600.00,5.26215500000
Kepler-384 b,Kepler-384,286.0261113,44.7828571,5577.00,22.59705300000
Kepler-384 c,Kepler-384,286.0261113,44.7828571,5577.00,45.34826900000
Kepler-385 b,Kepler-385,294.3385109,50.3365178,6326.00,10.04368600000
Kepler-385 c,Kepler-385,294.3385109,50.3365178,6326.00,15.16316100000
Kepler-387 c,Kepler-387,287.7982699,45.6567655,5774.00,11.83754900000
Kepler-392 c,Kepler-392,288.6608260,43.3681938,5938.00,10.42311800000
Kepler-395 c,Kepler-395,293.5111889,45.1366252,4262.00,34.98926200000
Kepler-398 d,Kepler-398,291.4688524,40.3437001,4557.00,6.83437001000
Kepler-399 d,Kepler-399,299.5017242,40.6707669,5502.00,58.03461600000
Kepler-402 d,Kepler-402,288.3701976,43.3546109,6090.00,8.92109900000
Kepler-403 c,Kepler-403,289.9214256,46.7445267,6090.00,54.28074900000
Kepler-404 c,Kepler-404,286.3985796,45.3435241,5654.00,14.75116600000
Kepler-407 b,Kepler-407,286.0363025,49.6145027,5487.00,0.66931240000
Kepler-41 b,Kepler-41,294.5132465,45.9816453,5750.00,1.85555820000
Kepler-414 b,Kepler-414,297.9615616,48.2443363,5536.00,4.70000000000
Kepler-416 d,Kepler-416,291.5569554,39.2272923,5670.00,3.07644709000
Kepler-417 b,Kepler-417,293.8241813,42.7796480,5177.00,12.33100000000
Kepler-424 b,Kepler-424,298.6249797,48.5774500,5460.00,3.31186440000
Kepler-424 c,Kepler-424,298.6249797,48.5774500,5460.00,223.30000000000
Kepler-431 c,Kepler-431,281.1123072,43.2277663,6004.00,8.70300000000
Kepler-434 b,Kepler-434,293.5863887,42.9288624,5977.00,12.87470990000
Kepler-436 c,Kepler-436,301.7207775,44.4120856,4685.00,16.79713874000
Kepler-440 b,Kepler-440,285.3500664,41.4523695,4134.00,101.11141000000
Kepler-444 b,Kepler-444,289.7528323,41.6318840,5046.00,3.60010530000
Kepler-451 c,2MASS J19383260+4603591,294.6359173,46.0664076,29564.00,1460.00000000000
Kepler-454 c,Kepler-454,287.4786474,38.2290751,5687.00,524.19000000000
Kepler-46 d,Kepler-46,289.2687388,42.6041819,5309.00,6.76658900000
Kepler-465 b,Kepler-465,284.5557853,46.0638865,6310.00,9.94067246600
Kepler-472 b,Kepler-472,296.5245187,39.2498503,4996.00,4.17625551400
Kepler-474 b,Kepler-474,292.3215174,43.8811723,5785.00,5.66067293500
Kepler-48 e,Kepler-48,299.1393094,40.9489390,5194.00,982.00000000000
Kepler-480 b,Kepler-480,294.4639165,49.7650473,6322.00,4.91958379500
Kepler-485 b,Kepler-485,294.9963415,50.4700458,5958.00,3.24325979600
Kepler-49 b,Kepler-49,292.2945208,40.5918123,4095.60,7.20000000000
Kepler-493 b,Kepler-493,295.3075252,38.8815716,6457.00,3.00387658100
Kepler-498 b,Kepler-498,290.3581592,44.5187225,5744.00,9.61375356000
Kepler-50 c,Kepler-50,288.1009312,50.0336844,6225.00,9.37647000000
Kepler-506 b,Kepler-506,284.6351885,40.7198296,6236.00,6.88340550000
Kepler-51 b,Kepler-51,296.4797624,49.9376486,6018.00,45.15400000000
Kepler-51 e,Kepler-51,296.4797624,49.9376486,5674.00,264.28400000000
Kepler-513 b,Kepler-513,285.0416235,50.0753913,5849.00,28.86235584000
Kepler-516 b,Kepler-516,295.6087625,38.7357368,7099.00,24.85462415000
Kepler-518 b,Kepler-518,287.0900190,41.3737576,5842.00,8.51203587700
Kepler-52 c,Kepler-52,286.7380152,49.9757383,4075.00,16.38500210000
Kepler-53 b,Kepler-53,290.4617926,40.5624966,5858.00,18.64895250000
Kepler-531 b,Kepler-531,286.5246582,48.6835481,4893.00,29.88485741000
Kepler-533 b,Kepler-533,293.6856893,48.8249915,4758.00,28.51120525000
Kepler-541 b,Kepler-541,294.1496529,38.4582070,6166.00,5.08005848000
Kepler-546 b,Kepler-546,283.2575730,40.9904095,5967.00,4.14702025800
Kepler-547 b,Kepler-547,286.1185888,44.3452063,4828.00,6.01038428900
Kepler-548 b,Kepler-548,299.9059167,45.4396103,5535.00,4.45419433800
Kepler-549 b,Kepler-549,283.0228527,47.2611431,5360.00,42.94956490000
Kepler-549 c,Kepler-549,283.0228527,47.2611431,5360.00,117.04049800000
Kepler-55 b,Kepler-55,285.1683291,44.0264898,4362.00,27.94814490000
Kepler-55 c,Kepler-55,285.1683291,44.0264898,4362.00,42.15164180000
Kepler-55 d,Kepler-55,285.1683291,44.0264898,4503.00,2.21109900000
Kepler-55 e,Kepler-55,285.1683291,44.0264898,4503.00,4.61753400000
Kepler-550 b,Kepler-550,297.7001786,47.8637046,5322.00,8.60010410900
Kepler-551 b,Kepler-551,285.4850450,48.0543774,4286.00,12.37646610000
Kepler-561 b,Kepler-561,293.7471107,45.1071981,5646.00,58.36204950000
Kepler-564 b,Kepler-564,296.8383661,46.6263912,5626.00,3.75083228500
Kepler-57 c,Kepler-57,293.6413146,44.6570692,5187.90,11.60000000000
Kepler-576 b,Kepler-576,295.1828896,38.6542028,5672.00,29.91136794000
Kepler-580 b,Kepler-580,283.4997537,40.5528053,4298.00,8.22241965600
Kepler-587 b,Kepler-587,288.6706571,47.3991249,5549.00,10.94027841000
Kepler-589 c,Kepler-589,280.6414331,47.7520581,5372.00,3.52466011000
Kepler-592 b,Kepler-592,285.7907395,48.6832431,5913.00,2.82019240800
Kepler-593 b,Kepler-593,294.9513923,48.6511709,5967.00,21.21708973000
Kepler-594 b,Kepler-594,288.9217259,49.7620237,5485.00,13.64618192000
Kepler-60 b,Kepler-60,288.9612535,42.2650472,5905.00,7.13340000000
Kepler-60 d,Kepler-60,288.9612535,42.2650472,5905.00,11.89810000000
Kepler-602 b,Kepler-602,296.0318985,42.1418634,6062.00,15.28469497000
Kepler-603 c,Kepler-603,294.2809679,42.2909295,5808.00,127.90757740000
Kepler-619 b,Kepler-619,290.8490899,48.4159782,5980.00,5.40427219700
Kepler-62 b,Kepler-62,283.2125621,45.3496992,4925.00,5.71493200000
Kepler-630 b,Kepler-630,293.4270647,39.9423967,5829.00,161.47439370000
Kepler-645 b,Kepler-645,290.3227098,44.0358625,6170.00,3.27582262100
Kepler-649 b,Kepler-649,285.6558336,45.0794516,5871.00,29.90722674000
Kepler-65 c,Kepler-65,288.6887221,41.1511076,6211.00,5.85994400000
Kepler-653 c,Kepler-653,282.2130447,46.7177898,5665.00,0.90037647600
Kepler-657 b,Kepler-657,291.1973006,47.3077545,5808.00,24.54350418000
Kepler-66 b,Kepler-66,293.9815378,46.6877280,5962.00,17.81581500000
Kepler-661 b,Kepler-661,283.7107463,47.8631748,4483.00,6.02930132100
Kepler-663 b,Kepler-663,297.8082232,47.9466342,5264.00,4.99678284000
Kepler-666 b,Kepler-666,298.4568899,48.7915925,5887.00,4.49876092000
Kepler-667 b,Kepler-667,295.5549918,49.0172956,5327.00,41.43962808000
Kepler-68 d,Kepler-68,291.0323102,49.0402129,5847.00,632.62000000000
Kepler-680 b,Kepler-680,291.6223810,50.6181793,5890.00,3.68992629100
Kepler-685 b,Kepler-685,293.8719143,38.4229184,5963.00,1.62552220000
Kepler-686 b,Kepler-686,285.2138190,39.0274660,5649.00,1.59474546300
Kepler-687 b,Kepler-687,289.3154576,39.1532911,4841.00,20.50586978000
Kepler-689 b,Kepler-689,294.7106347,39.5216975,5518.00,22.36656079000
Kepler-692 b,Kepler-692,294.7768068,40.1537027,5440.00,21.81293494000
Kepler-716 b,Kepler-716,290.3931809,43.3638577,5099.00,10.37168453000
Kepler-719 b,Kepler-719,295.5360628,43.8844116,5777.00,5.00731777900
Kepler-720 b,Kepler-720,298.6356478,44.1709388,5618.00,4.70832654200
Kepler-721 b,Kepler-721,284.4305132,44.4803776,5075.00,5.39202538800
Kepler-726 b,Kepler-726,291.7172776,44.8873466,5452.00,21.80451088000
Kepler-732 c,Kepler-732,283.7317274,45.9585288,3631.00,0.89304123600
Kepler-734 b,Kepler-734,297.0456122,46.0273893,5326.00,6.10485285600
Kepler-744 b,Kepler-744,296.4960493,47.1827848,5594.00,12.06222443000
Kepler-746 b,Kepler-746,290.6822097,37.3551593,5418.00,3.48159251000
Kepler-75 b,Kepler-75,291.1376203,36.5773443,5200.00,8.88491160000
Kepler-760 b,Kepler-760,287.5931997,44.1794278,5322.00,8.70419416000
Kepler-762 b,Kepler-762,291.2756631,47.3295107,5944.00,3.77055209800
Kepler-763 d,Kepler-763,292.1445534,47.1573604,4999.00,6.50327035000
Kepler-772 b,Kepler-772,291.4235820,38.2165603,5714.00,12.99207337000
Kepler-773 b,Kepler-773,290.8846217,38.0575539,5850.00,3.74910006100
Kepler-775 b,Kepler-775,291.4332781,41.7033162,5468.00,0.97486892600
Kepler-780 b,Kepler-780,281.7663511,44.2924898,5769.00,0.67737516400
Kepler-783 b,Kepler-783,291.0628615,47.4847890,5521.00,4.29264638000
Kepler-784 c,Kepler-784,295.9206663,47.4486164,5676.00,17.15723600000
Kepler-787 b,Kepler-787,291.6924773,38.5729105,4248.00,0.92831049800
Kepler-79 e,Kepler-79,300.5171067,44.3815508,6389.00,81.06650000000
Kepler-794 b,Kepler-794,288.1336793,38.9968923,5839.00,11.13125132000
Kepler-80 f,Kepler-80,296.1125759,39.9787451,4540.00,0.98678730000
Kepler-80 g,Kepler-80,296.1125759,39.9787451,4540.00,14.64558000000
Kepler-808 b,Kepler-808,291.5941514,48.4454907,4653.00,0.63133235300
Kepler-81 b,Kepler-81,293.6369437,42.8248275,4385.00,5.95500000000
Kepler-812 b,Kepler-812,288.8552821,48.2085170,6761.00,10.11716531000
Kepler-832 b,Kepler-832,295.9261101,45.3838690,5596.00,7.13969410000
Kepler-834 b,Kepler-834,287.0544674,45.1803351,4554.00,13.32388301000
Kepler-855 b,Kepler-855,295.0949565,43.5375650,5835.00,7.88663110400
Kepler-858 b,Kepler-858,288.8488552,51.2090375,5653.00,76.13602028000
Kepler-859 b,Kepler-859,286.7418337,43.1901197,5020.00,20.38177573000
Kepler-863 b,Kepler-863,297.6644677,43.2489903,5678.00,15.59461874000
Kepler-865 b,Kepler-865,297.7242257,43.5272796,5570.00,14.16399294000
Kepler-866 b,Kepler-866,290.1222112,43.0854070,4751.00,2.61703253600
Kepler-874 b,Kepler-874,294.9568477,43.0142991,6020.00,40.06867270000
Kepler-877 b,Kepler-877,289.8591023,46.5227429,5261.00,18.45847097000
Kepler-879 b,Kepler-879,295.8065515,50.9097521,5792.00,33.38559380000
Kepler-879 c,Kepler-879,295.8065515,50.9097521,5456.75,0.64671600000
Kepler-880 b,Kepler-880,281.9712347,43.6727839,6761.00,7.71468975000
Kepler-882 b,Kepler-882,294.6500256,43.3356106,5476.00,3.98953966600
Kepler-885 b,Kepler-885,288.6615682,49.7371538,6187.00,18.11472949000
Kepler-886 b,Kepler-886,286.2717162,43.5952037,6098.00,6.24146367000
Kepler-891 b,Kepler-891,291.0837644,40.3552252,5887.00,53.44945593000
Kepler-899 b,Kepler-899,297.4825612,40.6807412,5595.00,19.17891293000
Kepler-9 c,Kepler-9,285.5739904,38.4008192,5774.00,38.98530000000
Kepler-90 i,KOI-351,284.4334642,49.3051239,6015.00,14.44912000000
Kepler-900 b,Kepler-900,296.1772720,46.9989635,4836.00,6.99130860000
Kepler-901 b,Kepler-901,291.1528056,40.8876814,4184.00,3.51749439400
Kepler-913 b,Kepler-913,297.5830564,41.9523531,4687.00,10.29672521000
Kepler-914 b,Kepler-914,290.4120774,44.8993227,5877.00,4.40966548000
Kepler-92 c,Kepler-92,289.0860607,41.5630224,5883.00,26.72300000000
Kepler-920 c,Kepler-920,284.2969363,49.1585983,5403.00,100.82741130000
Kepler-923 b,Kepler-923,294.1710831,40.0551372,5988.00,6.93366476000
Kepler-924 b,Kepler-924,290.6685136,40.3977086,6167.00,61.03701170000
Kepler-926 b,Kepler-926,289.6793396,40.7004265,5806.00,52.06886010000
Kepler-931 b,Kepler-931,297.1326937,42.7682885,5241.00,8.03755877000
Kepler-932 b,Kepler-932,296.9520797,43.2720233,5331.00,1.92143739600
Kepler-947 b,Kepler-947,294.3667312,42.2526408,5508.00,26.96443170000
Kepler-951 b,Kepler-951,287.7375794,38.1146488,4834.00,71.52530845000
Kepler-953 c,Kepler-953,288.9716297,44.6246451,5416.00,9.10967112000
Kepler-955 b,Kepler-955,288.4714969,40.2698157,5350.00,14.53244172000
Kepler-96 b,Kepler-96,297.0698263,40.5252039,5690.00,16.23850000000
Kepler-960 b,Kepler-960,281.4572217,46.7465538,4755.00,3.12686223000
Kepler-963 c,Kepler-963,296.7529742,45.0411049,5169.47,0.91978300000
Kepler-964 b,Kepler-964,295.3000650,40.5565792,5427.00,13.52251060000
Kepler-965 b,Kepler-965,298.5153169,41.8912305,5886.00,134.25272980000
Kepler-968 b,Kepler-968,285.6025889,50.1120401,4598.00,3.69298372800
Kepler-969 c,Kepler-969,288.3724989,47.9335642,5214.00,1.68293460400
Kepler-97 c,Kepler-97,287.3265292,48.6733443,5779.00,789.00000000000
Kepler-971 b,Kepler-971,284.0945699,41.1828131,5431.00,9.59070716000
Kepler-972 b,Kepler-972,295.8286790,43.4254371,6146.00,7.03932553000
Kepler-977 b,Kepler-977,291.5161959,42.2480736,5315.00,26.85328322000
Kepler-98 b,Kepler-98,285.6616933,37.9645672,5539.00,1.54168000000
Kepler-981 b,Kepler-981,289.2489051,47.6501141,5718.00,4.46975773600
Kepler-985 b,Kepler-985,290.1443390,44.0498808,5434.00,116.33190100000
Kepler-986 b,Kepler-986,293.0940391,42.8964457,5642.00,56.43499380000
Kepler-988 b,Kepler-988,290.7082585,42.2372245,4005.00,17.76080053000
Kepler-990 b,Kepler-990,297.9381813,46.8813194,5948.00,9.91723428000
Kepler-999 b,Kepler-999,299.6604865,46.1984679,6237.00,5.99185701700
L 98-59 e,L 98-59,124.5328604,-68.3144658,3415.00,12.82780000000
LHS 1140 b,LHS 1140,11.2486320,-15.2741085,3096.00,24.73723000000
LHS 1903 c,LHS 1903,107.8658260,48.3279327,3664.00,6.22618500000
LP 791-18 b,LP 791-18,165.6904843,-16.4064445,2960.00,0.94799810000
LP 890-9 c,LP 890-9,64.1309096,-28.3157909,2850.00,8.45746300000
LTT 1445 A b,LTT 1445 A,45.4624781,-16.5944956,3562.00,5.35876350000
Lupus-TR-3 b,Lupus-TR-3,232.5774696,-42.9799461,5000.00,3.91405000000
NGC 2682 Sand 1429 b,NGC 2682 Sand 1429,133.0147781,11.6899626,6000.00,77.48000000000
NGC 2682 YBP 1194 b,NGC 2682 YBP 1194,132.7533077,11.8146537,5780.00,6.95900000000
NGTS-10 b,NGTS-10,91.8722801,-25.5948963,4600.00,0.76689440000
NGTS-12 b,NGTS-12,176.2499418,-35.6405630,5690.00,7.53280600000
NGTS-27 b,NGTS-27,206.0265266,-32.5229747,5700.00,3.37041810000
NGTS-33 b,NGTS-33,107.8333348,-35.8505185,7437.00,2.82797200000
NGTS-6 b,NGTS-6,75.7953820,-30.3994612,4730.00,0.88205900000
NGTS-8 b,NGTS-8,328.9759206,-14.0684399,5241.00,2.49970000000
NN Ser d,NN Ser,238.2337015,12.9120871,57000.00,2880.00000000000
NSVS 14256825 b,NSVS 14256825,305.0019460,4.6323715,40000.00,3225.00000000000
NY Vir c,NY Vir,204.7005847,-2.0303873,32780.00,8799.00000000000
OGLE-TR-182 b,OGLE-TR-182,167.3279228,-61.0952624,5924.00,3.97910000000
OGLE-TR-56 b,OGLE-TR-56,269.1479583,-29.5392222,6050.00,1.21191890000
Oph 11 b,Oph 11,245.6049610,-24.0872219,2375.00,7300000.00000000000
Qatar-2 b,Qatar-2,207.6554928,-6.8040714,4645.00,1.33711647000
Ross 128 b,Ross 128,176.9376036,0.7992898,3192.00,9.86580000000
TIC 139702105 b,TIC 139702105,66.4980340,-18.2145450,5742.35,6.83601903383
TIC 279401253 b,TIC 279401253,57.6572277,-15.0262251,5951.00,76.80000000000
TIC 279401253 c,TIC 279401253,57.6572277,-15.0262251,5951.00,155.30000000000
TIC 437041147 b,TIC 437041147,132.9480195,6.7648369,5224.36,3.82301421497
TIC 445839811 b,TIC 445839811,200.1188173,48.4072699,5408.25,11.10862603180
TIC 46432937 b,TIC 46432937,83.8689794,-14.5971909,3572.00,1.44044527000
TIC 62895484 b,TIC 62895484,116.6385519,22.5903733,5520.79,2.83985434327
TIC 77319217 b,TIC 77319217,71.0406969,-39.8976018,5961.52,7.54830765124
TIC 86380416 b,TIC 86380416,145.1603760,65.7327948,5723.74,6.04086434610
TOI-1130 b,TOI-1130,286.3760037,-41.4376399,4360.00,4.07455400000
TOI-1136 b,TOI-1136,192.1848981,64.8552755,5770.00,4.17270000000
TOI-1136 d,TOI-1136,192.1848981,64.8552755,5770.00,12.51990000000
TOI-1136 e,TOI-1136,192.1848981,64.8552755,5770.00,18.80100000000
TOI-1136 f,TOI-1136,192.1848981,64.8552755,5770.00,26.32100000000
TOI-1136 g,TOI-1136,192.1848981,64.8552755,5770.00,39.54500000000
TOI-1180 b,TOI-1180,214.5557741,82.1937642,4738.00,9.68676037800
TOI-122 b,TOI-122,332.9482355,-58.9460850,3403.00,5.07803000000
TOI-1246 c,TOI-1246,251.1158702,70.4299917,5213.00,5.90413700000
TOI-125 d,TOI-125,23.5934253,-66.6763495,5320.00,19.98000000000
TOI-1266 c,TOI-1266,197.9965833,65.8336973,3563.00,18.80270000000
TOI-1278 b,TOI-1278,320.4784442,35.6486250,3799.00,14.47567000000
TOI-128.01,TOI-128,79.5209381,-80.9643840,6086.00,4.94046810000
TOI-1288 b,TOI-1288,313.1670294,65.6087833,5388.00,2.69982790000
TOI-1295 b,TOI-1295,256.6722026,67.8715032,6280.00,3.19688380000
TOI-1338 c,TOI-1338 A,92.1330955,-59.5409853,5723.20,215.79000000000
TOI-1346 b,TOI-1346,256.6226752,68.8433031,5099.00,1.76225380000
TOI-1408 c,TOI-1408,313.5110469,72.5806455,6117.00,2.16640000000
TOI-1420 b,TOI-1420,322.9418092,66.3490054,5510.00,6.95610630000
TOI-1442 b,TOI-1442,287.2921006,74.1742762,3330.00,0.40906770000
TOI-1443 b,TOI-1443,297.3986780,76.1391776,5224.00,23.54067800000
TOI-1452 b,TOI-1452,290.1739741,73.1951082,3185.00,11.06201000000
TOI-150.01,TOI-150,112.9654210,-73.6060358,6255.00,5.85748700000
TOI-1533 b,TOI-1533,355.2467209,57.4852417,5146.00,3.64579740000
TOI-1533 c,TOI-1533,355.2467209,57.4852417,5146.00,8.06379260000
TOI-1630.01,TOI-1630,352.0166759,75.5526069,5504.00,12.05573473300
TOI-1691 b,TOI-1691,272.4041179,86.8603430,5759.00,16.73688893500
TOI-1710 b,TOI-1710,94.2838373,76.2110200,5730.00,24.28336000000
TOI-178 b,TOI-178,7.3020115,-30.4541159,4316.00,1.91456010000
TOI-178 g,TOI-178,7.3020115,-30.4541159,4316.00,20.71663000000
TOI-1801 b,TOI-1801,175.5755995,23.0270335,3863.00,10.64387000000
TOI-1806.01,TOI-1806,166.1181474,30.4585763,3272.00,15.14546930000
TOI-1860 b,TOI-1860,226.4567308,64.0476821,5752.00,1.06621070000
TOI-1873 b,TOI-1873,212.5684755,84.3718582,5597.99,7.00572708834
TOI-199 c,TOI-199,80.1058735,-59.8954326,5255.00,273.69000000000
TOI-201 c,TOI-201,87.4017825,-54.9104230,6423.00,2890.00000000000
TOI-2019 b,TOI-2019,234.4317651,48.9552060,5626.00,15.34440000000
TOI-2031 A b,TOI-2031 A,331.1178077,81.5659509,6490.00,5.71548654000
TOI-2071 b,TOI-2071,256.6011813,57.6610327,5755.41,5.67395386982
TOI-2076 b,TOI-2076,217.3920159,39.7903991,5187.00,10.35504000000
TOI-2076 e,TOI-2076,217.3920159,39.7903991,5187.00,3.02237530000
TOI-2120 b,TOI-2120,23.5073150,65.5139877,3131.00,5.79981640000
TOI-2141 c,TOI-2141,258.7623456,18.3403449,5635.00,5.46240000000
TOI-2194 b,TOI-2194,299.1563393,-31.3351812,4756.00,15.33759700000
TOI-2345 b,TOI-2345,43.8847940,-34.9779745,4687.00,1.05285730000
TOI-2364 b,TOI-2364,89.1300265,-5.0120298,5306.00,4.01975170000
TOI-2379 b,TOI-2379,358.0920465,-53.0431560,3707.00,5.46938270000
TOI-238 c,TOI-238,349.2310814,-18.6066463,5059.00,8.46565100000
TOI-2427 b,TOI-2427,52.2917315,-31.3628665,4072.00,1.30600110000
TOI-2431 b,TOI-2431,37.7652989,8.3816255,4109.00,0.22419578000
TOI-2458 c,TOI-2458,79.6215290,1.2534390,6005.00,16.55300000000
TOI-2529 b,TOI-2529,118.9945352,-52.3548332,5802.00,64.59490000000
TOI-270 b,TOI-270,68.4160804,-51.9573937,3506.00,3.35992000000
TOI-283 b,TOI-283,118.5693065,-65.4414820,5213.00,17.61745000000
TOI-286 b,TOI-286,90.9842762,-60.6663348,5152.00,4.51172440000
TOI-3160 A b,TOI-3160 A,224.5658555,-27.6825503,6190.00,3.97128100000
TOI-3235 b,TOI-3235,207.4738488,-46.0665139,3388.80,2.59261842000
TOI-3353.01,TOI-3353,106.5298146,-75.8195594,6365.00,4.66579650000
TOI-3474 b,TOI-3474,233.5033482,-47.9636597,6020.00,3.87951050000
TOI-3664 b,TOI-3664,35.3084940,59.7118568,5593.00,3.29748390000
TOI-3714 b,TOI-3714,69.5523415,39.4580035,3660.00,2.15484900000
TOI-375 b,TOI-375,47.1499034,-77.3833275,5259.90,9.45469000000
TOI-375 d,TOI-375,47.1499034,-77.3833275,5259.90,297.90000000000
TOI-4010 d,TOI-4010,20.2148196,66.0722009,4960.00,14.70886000000
TOI-4034 b,TOI-4034,335.1469845,71.7673462,5891.00,1.80209320000
TOI-411 b,HD 22946,54.8195380,-42.7630276,6169.00,4.04029500000
TOI-4155 b,TOI-4155,325.6362269,77.7343836,5724.00,3.32072900000
TOI-421 c,TOI-421,81.8532824,-14.2767404,5291.00,16.06754100000
TOI-431 c,TOI-431,83.2692502,-26.7238698,4850.00,4.84940000000
TOI-4336 A b,TOI-4336 A,206.1070129,-40.3373505,3307.00,16.33635100000
TOI-4342 c,TOI-4342,324.3894196,-77.9791468,3866.00,10.68866200000
TOI-4377 b,TOI-4377,164.9324709,-82.2213501,4974.00,4.37808100000
TOI-4443.01,TOI-4443,274.2686643,21.9095459,5834.00,1.84985670000
TOI-4515 b,TOI-4515,21.1861778,21.5130638,5433.00,15.26644600000
TOI-4602.01,TOI-4602,60.6003316,31.3298354,5966.00,3.98129990000
TOI-4638.01,TOI-4638,12.8206627,12.7879858,5700.00,10.28391878700
TOI-500 c,TOI-500,106.5590980,-47.5878156,4440.00,6.63560000000
TOI-500 d,TOI-500,106.5590980,-47.5878156,4440.00,26.23300000000
TOI-500 e,TOI-500,106.5590980,-47.5878156,4440.00,61.30000000000
TOI-5076 b,TOI-5076,50.5104166,17.2392094,4780.00,23.44316200000
TOI-512 b,TOI-512,96.6467023,-38.6072095,5277.00,7.18886000000
TOI-5174 b,TOI-5174,174.1094967,-2.0233506,5643.77,12.21428600000
TOI-5205 b,TOI-5205,313.7706819,24.3609770,3430.00,1.63075700000
TOI-5293 A b,TOI-5293 A,355.8286820,-2.0450945,3586.00,2.93028900000
TOI-5335 b,TOI-5335,46.9523734,15.3590831,5528.92,3.61365988443
TOI-544 c,TOI-544,82.2900716,-0.3428983,4169.00,50.08900000000
TOI-558 b,TOI-558,42.2915093,-58.0246828,6466.00,14.57407100000
TOI-561 e,TOI-561,148.1851516,6.2161030,5342.00,77.14400000000
TOI-6109 b,TOI-6109,50.1319206,42.6069564,5660.00,5.69047600000
TOI-6109 c,TOI-6109,50.1319206,42.6069564,5660.00,8.53887800000
TOI-6223 b,TOI-6223,355.9505977,33.0672361,3895.00,3.85521900000
TOI-6564 b,TOI-6564,205.8178791,-56.1564491,5943.00,3.98541300000
TOI-6716 b,TOI-6716,111.6570820,-30.5521801,3110.00,4.71858980000
TOI-700 e,TOI-700,97.0957165,-65.5786149,3459.00,27.80978000000
TOI-7009 b,TOI-7009,299.5131334,55.6510291,4080.00,2.32066120000
TOI-7155 b,TOI-7155,12.4454481,79.2878555,4673.03,3.89489711981
TOI-7166 b,TOI-7166,320.6806363,8.8893975,3099.00,12.92063621000
TOI-7384 b,TOI-7384,83.1031834,-39.8342501,3185.00,6.23402580000
TOI-7510 c,TOI-7510,273.7281880,-54.4340547,5720.00,22.56874230000
TOI-784 b,HD 307842,159.3412205,-63.6556923,5558.00,2.79703650000
TOI-813 b,TOI-813,72.6940102,-60.9054608,5907.00,83.89110000000
TOI-815 c,TOI-815,155.8719377,-43.8349248,4869.00,34.97614500000
TOI-836 b,TOI-836,225.0798831,-24.4542022,4552.00,3.81673000000
TOI-849 b,TOI-849,28.7157956,-29.4217086,5257.00,0.76554800000
TOI-912 b,TOI-912,229.3285665,-80.4733446,3572.00,4.67806910000
TOI-969 b,TOI-969,115.1366858,2.0985879,4435.00,1.82373050000
TRAPPIST-1 d,TRAPPIST-1,346.6263919,-5.0434618,2566.00,4.04921900000
TRAPPIST-1 e,TRAPPIST-1,346.6263919,-5.0434618,2566.00,6.10101300000
TRAPPIST-1 f,TRAPPIST-1,346.6263919,-5.0434618,2566.00,9.20754000000
TRAPPIST-1 g,TRAPPIST-1,346.6263919,-5.0434618,2566.00,12.35244600000
TRAPPIST-1 h,TRAPPIST-1,346.6263919,-5.0434618,2566.00,18.77286600000
TYC 3318-01333-1 b,TYC 3318-01333-1,45.5825716,49.7441421,4776.00,562.00000000000
TrES-1 b,TrES-1,286.0408755,36.6325360,5230.00,3.03007000000
TrES-5 b,TrES-5,305.2219454,59.4489033,5171.00,1.48224686000
V1298 Tau c,V1298 Tau,61.3316540,20.1570318,4970.00,8.24916400000
V1298 Tau e,V1298 Tau,61.3316540,20.1570318,4970.00,48.67771400000
V830 Tau b,V830 Tau,68.2918259,24.5619241,4250.00,4.92700000000
WASP-107 c,WASP-107,188.3864277,-10.1462141,4425.00,1066.00000000000
WASP-108 b,WASP-108,195.8281644,-49.6397727,6783.00,2.67555212374
WASP-12 b,WASP-12,97.6366450,29.6722662,6265.00,1.09141890100
WASP-120 b,WASP-120,62.6160813,-45.8982434,6450.00,3.61126721000
WASP-121 b,WASP-121,107.6002312,-39.0972705,6628.00,1.27492504000
WASP-124 b,WASP-124,332.7143373,-30.7497189,6050.00,3.37265000000
WASP-13 b,WASP-13,140.1029654,33.8823291,5950.00,4.35301000000
WASP-131 b,WASP-131,210.1935714,-30.5836084,5990.00,5.32201250000
WASP-136 b,WASP-136,0.3257610,-8.9262512,6250.00,5.21536178778
WASP-14 b,WASP-14,218.2766247,21.8946875,6475.00,2.24375000000
WASP-140 b,WASP-140,60.3855387,-20.4509991,5300.00,2.23598448000
WASP-142 b,WASP-142,140.5063164,-23.9461020,6010.00,2.05286800000
WASP-144 b,WASP-144,320.7628761,-40.0484393,5200.00,2.27831520000
WASP-151 b,WASP-151,349.0634651,0.3066895,5871.00,4.53347750000
WASP-157 b,WASP-157,201.6551525,-8.3176353,5772.00,3.95162300000
WASP-164 b,WASP-164,344.8735878,-60.4478194,5806.00,1.77712550000
WASP-166 b,WASP-166,144.8751047,-20.9824191,6050.00,5.44354000000
WASP-17 b,WASP-17,239.9622479,-28.0617941,6550.00,3.73543000000
WASP-180 A b,WASP-180 A,123.3922465,-1.9827874,6600.00,3.40926400000
WASP-23 b,WASP-23,101.1275033,-42.7622296,5150.00,2.94442560000
WASP-24 b,WASP-24,227.2154975,2.3432860,6075.00,2.34121000000
WASP-33 b,WASP-33,36.7127375,37.5504441,7430.00,1.21987000000
WASP-35 b,WASP-35,76.0818912,-6.2297801,5990.00,3.16158000000
WASP-39 b,WASP-39,217.3266477,-3.4444994,5485.00,4.05529410000
WASP-41 c,WASP-41,190.6188034,-30.6398176,5545.00,421.00000000000
WASP-44 b,WASP-44,3.9032733,-11.9382645,5420.00,2.42380400000
WASP-60 b,WASP-60,356.6667136,31.1559115,5900.00,4.30500000000
WASP-61 b,WASP-61,75.2996637,-26.0541438,6250.00,3.85590000000
WASP-62 b,WASP-62,87.1398205,-63.9883286,6230.00,4.41195000000
WASP-63 b,WASP-63,94.3363562,-38.3233826,5550.00,4.37808000000
WASP-67 b,WASP-67,295.7438485,-19.9497314,5200.00,4.61442000000
WASP-69 b,WASP-69,315.0259661,-5.0948570,4792.00,3.86813881000
WASP-7 b,WASP-7,311.0427558,-39.2254856,6400.00,4.95464160000
WASP-72 b,WASP-72,41.0400779,-30.1690785,6250.00,2.21673000000
WASP-75 b,WASP-75,342.3858995,-10.6754686,6100.00,2.48419300000
WASP-77 A b,WASP-77 A,37.1555223,-7.0606675,5617.00,1.36002939500
WASP-8 c,WASP-8,359.9008737,-35.0313349,5690.00,4323.00000000000
WASP-84 c,WASP-84,131.1069959,1.8598933,5280.00,1.44688490000
WASP-88 b,WASP-88,309.5112337,-48.4620833,6430.00,4.95400000000
WASP-90 b,WASP-90,315.5319489,7.0562793,6430.00,3.91624300000
WASP-92 b,WASP-92,246.6920395,51.0411328,6280.00,2.17467420000
WASP-94 A b,WASP-94 A,313.7832393,-34.1357512,6170.00,3.95019000000
WD 1856+534 b,WD 1856+534,284.4156750,53.5090244,4710.00,1.40794050000
WTS-1 b,WTS-1,293.9850284,36.2962939,6250.00,3.35205700000
Wolf 1061 b,Wolf 1061,247.5748276,-12.6676866,3342.00,4.88690000000
XO-2 N b,XO-2 N,117.0267691,50.2251472,5290.00,2.61585906000
XO-2 S b,XO-2 S,117.0309753,50.2169068,5325.00,18.22000000000
iot Dra b,iot Dra,231.2323227,58.9661403,4504.00,510.85440000000
kap CrB b,kap CrB,237.8080012,35.6558818,4840.00,1253.68000000000
omi UMa b,omi UMa,127.5649503,60.7177048,5075.00,1569.81000000000
pi Men d,HD 39091,84.2992798,-80.4646041,5998.00,124.64000000000
rho CrB b,rho CrB,240.2600639,33.3001861,5817.00,39.84900000000
ups Leo b,ups Leo,174.2372188,-0.8235643,4836.00,385.20000000000
