{
  "major_arcana": [
    {"id": "fool", "name": "The Fool", "number": 0, "arcana": "major", "element": "Air", "upright": "New beginnings, innocence, spontaneity", "reversed": "Recklessness, poor judgment", "lesson": "Trust the journey with open heart", "warning": "Beware naivety and impulsiveness", "keywords": ["beginnings", "trust", "adventure"]},
    {"id": "magician", "name": "The Magician", "number": 1, "arcana": "major", "element": "Air", "upright": "Manifestation, resourcefulness, power", "reversed": "Manipulation, poor planning", "lesson": "You have tools to create reality", "warning": "Power without wisdom harms", "keywords": ["manifestation", "willpower", "creation"]},
    {"id": "high_priestess", "name": "The High Priestess", "number": 2, "arcana": "major", "element": "Water", "upright": "Intuition, sacred knowledge", "reversed": "Secrets, disconnected intuition", "lesson": "Trust your inner wisdom", "warning": "Ignoring intuition leads astray", "keywords": ["intuition", "mystery", "wisdom"]},
    {"id": "empress", "name": "The Empress", "number": 3, "arcana": "major", "element": "Earth", "upright": "Femininity, nurturing, abundance", "reversed": "Creative block, dependence", "lesson": "Nurture and create abundance", "warning": "Overprotection stifles growth", "keywords": ["nurturing", "abundance", "creativity"]},
    {"id": "emperor", "name": "The Emperor", "number": 4, "arcana": "major", "element": "Fire", "upright": "Authority, structure, leadership", "reversed": "Tyranny, rigidity, domination", "lesson": "Lead with wisdom and stability", "warning": "Rigid control destroys trust", "keywords": ["authority", "structure", "leadership"]},
    {"id": "hierophant", "name": "The Hierophant", "number": 5, "arcana": "major", "element": "Earth", "upright": "Spiritual wisdom, conformity, tradition", "reversed": "Personal beliefs, freedom, challenging status quo", "lesson": "Honor tradition while finding your path", "warning": "Blind conformity limits growth", "keywords": ["tradition", "wisdom", "teaching"]},
    {"id": "lovers", "name": "The Lovers", "number": 6, "arcana": "major", "element": "Air", "upright": "Love, harmony, relationships, values alignment", "reversed": "Disharmony, imbalance, misalignment of values", "lesson": "Choose love and align with your values", "warning": "Misaligned values create discord", "keywords": ["love", "choice", "harmony", "values"]}
  ]
}