datetime,planet,ra_deg,dec_deg,elong_deg
2025-11-12 18:37:27.887133+00:00,Mercury,243.56677941850603,-23.036250803099676,15.635082483784263
2025-11-12 18:37:27.887133+00:00,Venus,215.03003199713623,-12.637796302866123,13.382621003906422
2025-11-12 18:37:27.887133+00:00,Earth,0.0,0.0,
2025-11-12 18:37:27.887133+00:00,Mars,243.56336396059714,-21.725615610832957,15.307273590038513
2025-11-12 18:37:27.887133+00:00,Jupiter,116.73974802025462,21.27808253250447,115.48129335390168
2025-11-12 18:37:27.887133+00:00,Saturn,356.38152062595503,-4.215294143229811,124.69999313653815
2025-11-12 18:37:27.887133+00:00,Uranus,57.29221637329253,19.82636601162818,170.819894560857
2025-11-12 18:37:27.887133+00:00,Neptune,359.8297525609198,-1.5596059471173314,128.94061703229627
2025-11-13 00:37:27.887133+00:00,Mercury,243.444594716001,-22.957303035534725,15.25488627921741
2025-11-13 00:37:27.887133+00:00,Venus,215.33187576123956,-12.745332373566805,13.32036422938095
2025-11-13 00:37:27.887133+00:00,Earth,0.0,0.0,
2025-11-13 00:37:27.887133+00:00,Mars,243.75487829856334,-21.759844903665414,15.237011201855033
2025-11-13 00:37:27.887133+00:00,Jupiter,116.73879028633421,21.27886205501458,115.73383045098464
2025-11-13 00:37:27.887133+00:00,Saturn,356.37504178908085,-4.2172303704931045,124.44213277759094
2025-11-13 00:37:27.887133+00:00,Uranus,57.28151330629045,19.8241822560527,171.08164902000655
2025-11-13 00:37:27.887133+00:00,Neptune,359.8262849082222,-1.5609713271669892,128.68549288971408
2025-11-13 06:37:27.887133+00:00,Mercury,243.31152359742913,-22.874715263197604,14.863912642228755
2025-11-13 06:37:27.887133+00:00,Venus,215.63398971845038,-12.852549748063872,13.258116641463891
2025-11-13 06:37:27.887133+00:00,Earth,0.0,0.0,
2025-11-13 06:37:27.887133+00:00,Mars,243.94655002727137,-21.79386711299172,15.166779333791409
2025-11-13 06:37:27.887133+00:00,Jupiter,116.73761209942356,21.279679616113945,115.98661033377178
2025-11-13 06:37:27.887133+00:00,Saturn,356.36865805058324,-4.219122957969265,124.18434041208273
2025-11-13 06:37:27.887133+00:00,Uranus,57.27079989434902,19.82199586680844,171.34344342766337
2025-11-13 06:37:27.887133+00:00,Neptune,359.82284415729805,-1.5623244708816855,128.4303635184983
2025-11-13 12:37:27.887133+00:00,Mercury,243.1675770684528,-22.788467398981595,14.462149714790366
2025-11-13 12:37:27.887133+00:00,Venus,215.9363754207795,-12.959444882735692,13.195878326712409
2025-11-13 12:37:27.887133+00:00,Earth,0.0,0.0,
2025-11-13 12:37:27.887133+00:00,Mars,244.13837879097628,-21.827681521571392,15.096578119792197
2025-11-13 12:37:27.887133+00:00,Jupiter,116.73621335679577,21.280535230606482,116.23963291745918
2025-11-13 12:37:27.887133+00:00,Saturn,356.36236964962836,-4.220971827306125,123.92661650485013
2025-11-13 12:37:27.887133+00:00,Uranus,57.260076434268385,19.819806905154476,171.60527693149487
2025-11-13 12:37:27.887133+00:00,Neptune,359.8194304094224,-1.5636653369302889,128.17522922034303
2025-11-13 18:37:27.887133+00:00,Mercury,243.01278891124372,-22.698544949910058,14.049606989174247
2025-11-13 18:37:27.887133+00:00,Venus,216.2390343934327,-13.066014232309646,13.133649365363242
2025-11-13 18:37:27.887133+00:00,Earth,0.0,0.0,
2025-11-13 18:37:27.887133+00:00,Mars,244.33036422216935,-21.861287412831295,15.026407699059218
2025-11-13 18:37:27.887133+00:00,Jupiter,116.73459396516108,21.281428910683303,116.49289809727092
2025-11-13 18:37:27.887133+00:00,Saturn,356.35617682252183,-4.222776901494086,123.6689615275796
2025-11-13 18:37:27.887133+00:00,Uranus,57.24934322415321,19.81761543267831,171.86714861698616
2025-11-13 18:37:27.887133+00:00,Neptune,359.8160437653182,-1.5649938842553517,127.92009030673113
2025-11-14 00:37:27.887133+00:00,Mercury,242.84721703364926,-22.604939641720993,13.626316824113824
2025-11-14 00:37:27.887133+00:00,Venus,216.54196813480812,-13.172254250145407,13.071429831612761
2025-11-14 00:37:27.887133+00:00,Earth,0.0,0.0,
2025-11-14 00:37:27.887133+00:00,Mars,244.52250594182502,-21.89468407099628,14.956268215671868
2025-11-14 00:37:27.887133+00:00,Jupiter,116.73275384072758,21.2823606658975,116.7464057490393
2025-11-14 00:37:27.887133+00:00,Saturn,356.3500798026307,-4.224538104903097,123.41137595809523
2025-11-14 00:37:27.887133+00:00,Uranus,57.238600563360386,19.815421511281727,172.1290574997585
2025-11-14 00:37:27.887133+00:00,Neptune,359.8126843251282,-1.5663100720872456,127.66494709826766
2025-11-14 06:37:27.887133+00:00,Mercury,242.67094477799168,-22.507650065669253,13.192335961183762
2025-11-14 06:37:27.887133+00:00,Venus,216.84517811646614,-13.27816138850536,13.009219793885245
2025-11-14 06:37:27.887133+00:00,Earth,0.0,0.0,
2025-11-14 06:37:27.887133+00:00,Mars,244.71480355963647,-21.927870781213905,14.88615981823699
2025-11-14 06:37:27.887133+00:00,Jupiter,116.73069290925484,21.283330503141485,117.00015572974968
2025-11-14 06:37:27.887133+00:00,Saturn,356.34407882031235,-4.226255363315928,123.15386027969663
2025-11-14 06:37:27.887133+00:00,Uranus,57.227848752448,19.81322520316751,172.39100251611404
2025-11-14 06:37:27.887133+00:00,Neptune,359.8093521883892,-1.5676138599571428,127.40979992405832
2025-11-14 12:37:27.887133+00:00,Mercury,242.4840821734654,-22.40668234299842,12.747747030999971
2025-11-14 12:37:27.887133+00:00,Venus,217.1486657830737,-13.38373209881339,12.947019315087633
2025-11-14 12:37:27.887133+00:00,Earth,0.0,0.0,
2025-11-14 12:37:27.887133+00:00,Mars,244.90725667423965,-21.96084682967367,14.816082659568387
2025-11-14 12:37:27.887133+00:00,Jupiter,116.72841110610256,21.284338426626523,117.25414787804893
2025-11-14 12:37:27.887133+00:00,Saturn,356.3381741028499,-4.227928603958167,122.89641498054512
2025-11-14 12:37:27.887133+00:00,Uranus,57.2170880931259,19.811026570826506,172.65298251137017
2025-11-14 12:37:27.887133+00:00,Neptune,359.8060474540081,-1.568905207708953,127.15464912113144
2025-11-14 18:37:27.887133+00:00,Mercury,242.2867671150331,-22.302050801624368,12.292660039090551
2025-11-14 18:37:27.887133+00:00,Venus,217.45243255232478,-13.488962831903423,12.884828452851748
2025-11-14 18:37:27.887133+00:00,Earth,0.0,0.0,
2025-11-14 18:37:27.887133+00:00,Mars,245.099864873425,-21.993611503721073,14.746036896392031
2025-11-14 18:37:27.887133+00:00,Jupiter,116.72590837627526,21.285384437863982,117.50838201471862
2025-11-14 18:37:27.887133+00:00,Saturn,356.33236587439313,-4.229557755525344,122.6390405530951
2025-11-14 18:37:27.887133+00:00,Uranus,57.20631888820781,19.8088256770255,172.91499622543006
2025-11-14 18:37:27.887133+00:00,Neptune,359.80277022023915,-1.5701840755103433,126.8994950339012
2025-11-15 00:37:27.887133+00:00,Mercury,242.07916645081255,-22.193778658634713,11.827213822329453
2025-11-15 00:37:27.887133+00:00,Venus,217.7564798148393,-13.593850038259095,12.822647259763281
2025-11-15 00:37:27.887133+00:00,Earth,0.0,0.0,
2025-11-15 00:37:27.887133+00:00,Mars,245.29262773433754,-22.02616409196672,14.676022689076394
2025-11-15 00:37:27.887133+00:00,Jupiter,116.72318467446418,21.286468535648087,117.76285794311386
2025-11-15 00:37:27.887133+00:00,Saturn,356.32665435590394,-4.231142748207529,122.38173749356771
2025-11-15 00:37:27.887133+00:00,Uranus,57.195541441565,19.80662258479536,173.1770422748516
2025-11-15 00:37:27.887133+00:00,Neptune,359.799520584664,-1.5714504238629483,126.64433801366945
2025-11-15 06:37:27.887133+00:00,Mercury,241.86147695924774,-22.08189870126211,11.351577469032474
2025-11-15 06:37:27.887133+00:00,Venus,218.060808934042,-13.698390168245789,12.76047578357821
2025-11-15 06:37:27.887133+00:00,Earth,0.0,0.0,
2025-11-15 06:37:27.887133+00:00,Mars,245.48554482366515,-22.05850388439109,14.606040201384406
2025-11-15 06:37:27.887133+00:00,Jupiter,116.72023996508759,21.28759071603979,118.01757544957017
2025-11-15 06:37:27.887133+00:00,Saturn,356.321039765106,-4.232683513711804,122.12450630146269
2025-11-15 06:37:27.887133+00:00,Uranus,57.18475605808139,19.8044173574199,173.43911913045616
2025-11-15 06:37:27.887133+00:00,Neptune,359.7962986441716,-1.572704213611888,126.38917841816287
2025-11-15 12:37:27.887133+00:00,Mercury,241.63392619690757,-21.96645395805861,10.865951699780231
2025-11-15 12:37:27.887133+00:00,Venus,218.36542124602516,-13.802579672336348,12.698314067427876
2025-11-15 12:37:27.887133+00:00,Earth,0.0,0.0,
2025-11-15 12:37:27.887133+00:00,Mars,245.6786156978172,-22.090630172445163,14.53608960024493
2025-11-15 12:37:27.887133+00:00,Jupiter,116.71707422232974,21.28875097235157,118.27253430378087
2025-11-15 12:37:27.887133+00:00,Saturn,356.31552231643826,-4.234179985282888,121.86734747910488
2025-11-15 12:37:27.887133+00:00,Uranus,57.173963043610044,19.80221005842501,173.7012250891847
2025-11-15 12:37:27.887133+00:00,Neptune,359.79310449494005,-1.573945405954672,126.13401661110215
2025-11-15 18:37:27.887133+00:00,Mercury,241.39677319760548,-21.847498351110197,10.370570212639459
2025-11-15 18:37:27.887133+00:00,Venus,218.67031805939504,-13.906415001331666,12.636162150013165
2025-11-15 18:37:27.887133+00:00,Earth,0.0,0.0,
2025-11-15 18:37:27.887133+00:00,Mars,245.87183990309236,-22.122542249147433,14.466171055542281
2025-11-15 18:37:27.887133+00:00,Jupiter,116.7136874301796,21.28994929513312,118.5277342591473
2025-11-15 18:37:27.887133+00:00,Saturn,356.3101022210119,-4.235632097722216,121.61026153122175
2025-11-15 18:37:27.887133+00:00,Uranus,57.16316270493108,19.800000751568263,173.96335823846675
2025-11-15 18:37:27.887133+00:00,Neptune,359.7899382324198,-1.575173962449605,125.87885296179974
2025-11-16 00:37:27.887133+00:00,Mercury,241.15030900371752,-21.725097319316426,9.865701007138581
2025-11-16 00:37:27.887133+00:00,Venus,218.9755006551064,-14.009892606577111,12.574020065788664
2025-11-16 00:37:27.887133+00:00,Earth,0.0,0.0,
2025-11-16 00:37:27.887133+00:00,Mars,246.06521697583878,-22.154239409177645,14.396284739919746
2025-11-16 00:37:27.887133+00:00,Jupiter,116.71007958246892,21.29118567215748,118.78317505310554
2025-11-16 00:37:27.887133+00:00,Saturn,356.3047796865686,-4.237039787405726,121.35324896454705
2025-11-16 00:37:27.887133+00:00,Uranus,57.15235534971052,19.79778950082878,174.2255164107344
2025-11-16 00:37:27.887133+00:00,Neptune,359.78679995131637,-1.5763898450237537,125.62368784478252
2025-11-16 06:37:27.887133+00:00,Mercury,240.89485701113603,-21.59932840205131,9.351647718467476
2025-11-16 06:37:27.887133+00:00,Venus,219.2809702862855,-14.113008940176025,12.511887845138142
2025-11-16 06:37:27.887133+00:00,Earth,0.0,0.0,
2025-11-16 06:37:27.887133+00:00,Mars,246.2587464426057,-22.185720948967614,14.326430828596498
2025-11-16 06:37:27.887133+00:00,Jupiter,116.70625068291082,21.292460088407893,119.03885640743223
2025-11-16 06:37:27.887133+00:00,Saturn,356.2995549174429,-4.238402992300551,121.09631028744836
2025-11-16 06:37:27.887133+00:00,Uranus,57.14154128646031,19.79557637039744,174.48769712481172
2025-11-16 06:37:27.887133+00:00,Neptune,359.7836897455751,-1.5775930159805678,125.3685216394364
2025-11-16 12:37:27.887133+00:00,Mercury,240.63077311027234,-21.470281771955914,8.828751020899665
2025-11-16 12:37:27.887133+00:00,Venus,219.5867281780452,-14.215760455200884,12.44976551454263
2025-11-16 12:37:27.887133+00:00,Earth,0.0,0.0,
2025-11-16 12:37:27.887133+00:00,Mars,246.45242782028933,-22.216986166789496,14.256609499194589
2025-11-16 12:37:27.887133+00:00,Jupiter,116.70220074513772,21.29377252606498,119.29477802853313
2025-11-16 12:37:27.887133+00:00,Saturn,356.2944281145246,-4.239721651980831,120.83944600957334
2025-11-16 12:37:27.887133+00:00,Uranus,57.130720824498944,19.79336142466729,174.74989750959992
2025-11-16 12:37:27.887133+00:00,Neptune,359.7806077083657,-1.5787834380071901,125.11335472966852
2025-11-16 18:37:27.887133+00:00,Mercury,240.35844560691868,-21.338060705223004,8.297390204358763
2025-11-16 18:37:27.887133+00:00,Venus,219.8927755272927,-14.318143605903225,12.387653096742351
2025-11-16 18:37:27.887133+00:00,Earth,0.0,0.0,
2025-11-16 18:37:27.887133+00:00,Mars,246.64626061627348,-22.248034362841764,14.186820931575115
2025-11-16 18:37:27.887133+00:00,Jupiter,116.69792979273987,21.295122964494425,119.5509396077168
2025-11-16 18:37:27.887133+00:00,Saturn,356.28939947522395,-4.240995707642743,120.58265664151233
2025-11-16 18:37:27.887133+00:00,Uranus,57.11989427391307,19.79114472822413,175.01211420355276
2025-11-16 18:37:27.887133+00:00,Neptune,359.7775539320678,-1.5799610741815375,124.8581875035848
2025-11-17 00:37:27.887133+00:00,Mercury,240.07829490863435,-21.202781977557493,7.757985103011376
2025-11-17 00:37:27.887133+00:00,Venus,220.19911350253204,-14.420154847922767,12.325550610892954
2025-11-17 00:37:27.887133+00:00,Earth,0.0,0.0,
2025-11-17 00:37:27.887133+00:00,Mars,246.8402443285652,-22.27886483933329,14.117065307681
2025-11-17 00:37:27.887133+00:00,Jupiter,116.69343785930324,21.296511380235025,119.80734082145766
2025-11-17 00:37:27.887133+00:00,Saturn,356.28446919343793,-4.242225102118931,120.32594269447364
2025-11-17 00:37:27.887133+00:00,Uranus,57.10906194551928,19.788926345837236,175.2743432205538
2025-11-17 00:37:27.887133+00:00,Neptune,359.77452850825625,-1.5811258879791716,124.60302035317939
2025-11-17 06:37:27.887133+00:00,Mercury,239.7907729646195,-21.064576174063234,7.210998683505603
2025-11-17 06:37:27.887133+00:00,Venus,220.50574324366374,-14.521790638496453,12.263458072717832
2025-11-17 06:37:27.887133+00:00,Earth,0.0,0.0,
2025-11-17 06:37:27.887133+00:00,Mars,247.03437844592872,-22.30947690056554,14.04734281138461
2025-11-17 06:37:27.887133+00:00,Jupiter,116.6887249884472,21.297937746987195,120.06398133164987
2025-11-17 06:37:27.887133+00:00,Saturn,356.2796374595168,-4.2434097798923505,120.06930467996874
2025-11-17 06:37:27.887133+00:00,Uranus,57.09822415082661,19.78670634245025,175.53657976838565
2025-11-17 06:37:27.887133+00:00,Neptune,359.77153152768744,-1.5822778432800018,124.34785367403333
2025-11-17 12:37:27.887133+00:00,Mercury,239.4963624497758,-20.92358790164751,6.656940829445095
2025-11-17 12:37:27.887133+00:00,Venus,220.81266586178154,-14.623047436667882,12.201375494657558
2025-11-17 12:37:27.887133+00:00,Earth,0.0,0.0,
2025-11-17 12:37:27.887133+00:00,Mars,247.2286624480161,-22.339869853013433,13.977653628339565
2025-11-17 12:37:27.887133+00:00,Jupiter,116.6837912338614,21.299402035601997,120.3208607858562
2025-11-17 12:37:27.887133+00:00,Saturn,356.2749044602328,-4.2445496871096795,119.81274310950481
2025-11-17 12:37:27.887133+00:00,Uranus,57.08738120199899,19.784484783172026,175.79881799910146
2025-11-17 12:37:27.887133+00:00,Neptune,359.76856308028516,-1.5834169043748598,124.09268786501971
2025-11-17 18:37:27.887133+00:00,Mercury,239.1955756868002,-20.77997589316974,6.0963742830002
2025-11-17 18:37:27.887133+00:00,Venus,221.119882438969,-14.723921703497382,12.13930288601738
2025-11-17 18:37:27.887133+00:00,Earth,0.0,0.0,
2025-11-17 18:37:27.887133+00:00,Mars,247.42309580549772,-22.370043005404668,13.907997945835396
2025-11-17 18:37:27.887133+00:00,Jupiter,116.67863665934162,21.300904214070535,120.5779788175529
2025-11-17 18:37:27.887133+00:00,Saturn,356.27027037874905,-4.245644771594249,119.55625849428235
2025-11-17 18:37:27.887133+00:00,Uranus,57.07653341181792,19.782261733267617,176.06105065959542
2025-11-17 18:37:27.887133+00:00,Neptune,359.7656232551273,-1.5845430359719292,123.83752332801382
2025-11-18 00:37:27.887133+00:00,Mercury,238.8889533036735,-20.633912993507167,5.5299245293370225
2025-11-18 00:37:27.887133+00:00,Venus,221.4273940280958,-14.824409902273255,12.077240253112988
2025-11-18 00:37:27.887133+00:00,Earth,0.0,0.0,
2025-11-18 00:37:27.887133+00:00,Mars,247.61767798019258,-22.399995668797935,13.83837595265289
2025-11-18 00:37:27.887133+00:00,Jupiter,116.6732613388243,21.302444247514114,120.83533504637428
2025-11-18 00:37:27.887133+00:00,Saturn,356.26573539458946,-4.246694982858554,119.29985134489594
2025-11-18 00:37:27.887133+00:00,Uranus,57.06568109364524,19.780037258149243,176.32326859261977
2025-11-18 00:37:27.887133+00:00,Neptune,359.76271214043277,-1.5856562032030828,123.58236046760521
2025-11-18 06:37:27.887133+00:00,Mercury,238.57706262772663,-20.485586018972075,4.958297104704741
2025-11-18 06:37:27.887133+00:00,Venus,221.73520165261533,-14.924508498724165,12.015187599416484
2025-11-18 06:37:27.887133+00:00,Earth,0.0,0.0,
2025-11-18 06:37:27.887133+00:00,Mars,247.81240842519838,-22.429727156659965,13.768787838920558
2025-11-18 06:37:27.887133+00:00,Jupiter,116.66766535641929,21.304022098174865,121.09292907835757
2025-11-18 06:37:27.887133+00:00,Saturn,356.2612996836091,-4.247700272116347,119.04352217103647
2025-11-18 06:37:27.887133+00:00,Uranus,57.054824561385644,19.777811423367226,176.58546000798378
2025-11-18 06:37:27.887133+00:00,Neptune,359.75982982354776,-1.5867563716300934,123.32719969081157
2025-11-18 12:37:27.887133+00:00,Mercury,238.26049582152845,-20.335195483085794,4.382309529870973
2025-11-18 12:37:27.887133+00:00,Venus,222.04330630636426,-15.024213961232919,11.953144925702615
2025-11-18 12:37:27.887133+00:00,Earth,0.0,0.0,
2025-11-18 12:37:27.887133+00:00,Mars,248.0072865850243,-22.459236784941464,13.699233795971237
2025-11-18 12:37:27.887133+00:00,Jupiter,116.66184880644039,21.30563772540726,121.35076050619064
2025-11-18 12:37:27.887133+00:00,Saturn,356.25696341796606,-4.248660592294264,118.78727148119368
2025-11-18 12:37:27.887133+00:00,Uranus,57.043964129449066,19.775584294600954,176.8476093904239
2025-11-18 12:37:27.887133+00:00,Neptune,359.75697639093335,-1.5878435072507457,123.07204140679146
2025-11-18 18:37:27.887133+00:00,Mercury,237.93986777004227,-20.182955183580557,3.802953908817212
2025-11-18 18:37:27.887133+00:00,Venus,222.3517089533644,-15.123522761051712,11.891112230195231
2025-11-18 18:37:27.887133+00:00,Earth,0.0,0.0,
2025-11-18 18:37:27.887133+00:00,Mars,248.20231189572442,-22.48852387215221,13.629714016197589
2025-11-18 18:37:27.887133+00:00,Jupiter,116.65581179343361,21.307291085670197,121.60882890946357
2025-11-18 18:37:27.887133+00:00,Saturn,356.25272676609353,-4.249575898043003,118.53109978235808
2025-11-18 18:37:27.887133+00:00,Uranus,57.03310011271298,19.77335593764979,177.10969581408017
2025-11-18 18:37:27.887133+00:00,Neptune,359.75415192815245,-1.588917576504828,122.81688602655646
2025-11-19 00:37:27.887133+00:00,Mercury,237.61581373275527,-20.029091647627087,3.221529361142397
2025-11-19 00:37:27.887133+00:00,Venus,222.6604105276274,-15.222431372518747,11.829089508715992
2025-11-19 00:37:27.887133+00:00,Earth,0.0,0.0,
2025-11-19 00:37:27.887133+00:00,Mars,248.39748378503404,-22.517587739434937,13.56022869290757
2025-11-19 00:37:27.887133+00:00,Jupiter,116.64955443220225,21.30898213252022,121.86713385492536
2025-11-19 00:37:27.887133+00:00,Saturn,356.24858989267324,-4.250446145747952,118.27500757972133
2025-11-19 00:37:27.887133+00:00,Uranus,57.02223282648414,19.77112641842396,177.37169025075218
2025-11-19 00:37:27.887133+00:00,Neptune,359.75135651985744,-1.589978546279994,122.56173396268079
2025-11-19 06:37:27.887133+00:00,Mercury,237.28898677867474,-19.873843434635035,2.6399518382739995
2025-11-19 06:37:27.887133+00:00,Venus,222.96941193296254,-15.320936273276311,11.767076754834198
2025-11-19 06:37:27.887133+00:00,Earth,0.0,0.0,
2025-11-19 06:37:27.887133+00:00,Mars,248.59280167250856,-22.546427710638326,13.490778020177817
2025-11-19 06:37:27.887133+00:00,Jupiter,116.64307684782943,21.310710816605404,122.12567489674598
2025-11-19 06:37:27.887133+00:00,Saturn,356.2445529586093,-4.25127129353927,118.01899537637499
2025-11-19 06:37:27.887133+00:00,Uranus,57.01136258646028,19.76889580293544,177.63355109536027
2025-11-19 06:37:27.887133+00:00,Neptune,359.7485902497775,-1.591026383917487,122.30658562900874
2025-11-19 12:37:27.887133+00:00,Mercury,236.9600550261252,-19.717460298495197,2.0615858801862372
2025-11-19 12:37:27.887133+00:00,Venus,223.2787140427881,-15.419033944490062,11.705073960018378
2025-11-19 12:37:27.887133+00:00,Earth,0.0,0.0,
2025-11-19 12:37:27.887133+00:00,Mars,248.788264969665,-22.575043112388972,13.421362192707118
2025-11-19 12:37:27.887133+00:00,Jupiter,116.63637917569683,21.312477085660486,122.38445157678503
2025-11-19 12:37:27.887133+00:00,Saturn,356.2406161210039,-4.252051301301358,117.76306367300747
2025-11-19 12:37:27.887133+00:00,Uranus,57.00048970869137,19.7666641572887,177.89521636409506
2025-11-19 12:37:27.887133+00:00,Neptune,359.7458532007072,-1.5920610572177123,122.05144144035921
2025-11-19 18:37:27.887133+00:00,Mercury,236.62969871296633,-19.560202213738407,1.493961123642545
2025-11-19 18:37:27.887133+00:00,Venus,223.58831769994563,-15.516720871069547,11.643081113790434
2025-11-19 18:37:27.887133+00:00,Earth,0.0,0.0,
2025-11-19 18:37:27.887133+00:00,Mars,248.9838730801267,-22.603433274162175,13.351981405668047
2025-11-19 18:37:27.887133+00:00,Jupiter,116.62946156149971,21.31428088450286,122.64346342486688
2025-11-19 18:37:27.887133+00:00,Saturn,356.2367795331334,-4.252786130681631,117.50721296759889
2025-11-19 18:37:27.887133+00:00,Uranus,56.98961450954057,19.764431547671567,178.15658928113618
2025-11-19 18:37:27.887133+00:00,Neptune,359.74314545449386,-1.5930825344456352,121.79630181222753
2025-11-20 00:37:27.887133+00:00,Mercury,236.29860712628223,-19.40233827276787,0.9606030822045449
2025-11-20 00:37:27.887133+00:00,Venus,223.89822371651772,-15.613993541889732,11.581098203881142
2025-11-20 00:37:27.887133+00:00,Earth,0.0,0.0,
2025-11-20 00:37:27.887133+00:00,Mars,249.1796253997708,-22.63159752835166,13.28263585455817
2025-11-20 00:37:27.887133+00:00,Jupiter,116.6223241612589,21.31612215502981,122.9027099590618
2025-11-20 00:37:27.887133+00:00,Saturn,356.23304334442645,-4.253475745098616,117.25144375511482
2025-11-20 00:37:27.887133+00:00,Uranus,56.97873730564486,19.762198040346004,178.4175096761739
2025-11-20 00:37:27.887133+00:00,Neptune,359.7404670920267,-1.5940907843359933,121.54116716048517
2025-11-20 06:37:27.887133+00:00,Mercury,235.9674754233354,-19.244145463899695,0.5721659630112481
2025-11-20 06:37:27.887133+00:00,Venus,224.2084328736492,-15.710848450013357,11.51912521638806
2025-11-20 06:37:27.887133+00:00,Earth,0.0,0.0,
2025-11-20 06:37:27.887133+00:00,Mars,249.37552131687883,-22.659535210338046,13.213325735050608
2025-11-20 06:37:27.887133+00:00,Jupiter,116.61496714132817,21.31800083621683,123.16219068597405
2025-11-20 06:37:27.887133+00:00,Saturn,356.2294077004428,-4.254120109749233,116.99575652719862
2025-11-20 06:37:27.887133+00:00,Uranus,56.967858413875504,19.759963701638863,178.67769182072962
2025-11-20 06:37:27.887133+00:00,Neptune,359.73781819322573,-1.5950857760982997,121.28603790107685
2025-11-20 12:37:27.887133+00:00,Mercury,235.63700137790386,-19.085907342450312,0.6686376019801438
2025-11-20 12:37:27.887133+00:00,Venus,224.5189459213708,-15.807282092914035,11.457162135935379
2025-11-20 12:37:27.887133+00:00,Earth,0.0,0.0,
2025-11-20 12:37:27.887133+00:00,Mars,249.5715602122895,-22.68724565855604,13.144051242844414
2025-11-20 12:37:27.887133+00:00,Jupiter,116.60739067839795,21.31991686411713,123.42190510103546
2025-11-20 12:37:27.887133+00:00,Saturn,356.2258727428535,-4.254719191615319,116.74015177186345
2025-11-20 12:37:27.887133+00:00,Uranus,56.956978151298195,19.757728597932726,178.93657215465765
2025-11-20 12:37:27.887133+00:00,Neptune,359.73519883703034,-1.5960674794216398,121.03091444971624
2025-11-20 18:37:27.887133+00:00,Mercury,235.30788208769332,-18.927912609384077,1.13124876403977
2025-11-20 18:37:27.887133+00:00,Venus,224.82976357842603,-15.90329097269994,11.39520894583479
2025-11-20 18:37:27.887133+00:00,Earth,0.0,0.0,
2025-11-20 18:37:27.887133+00:00,Mars,249.76774145955494,-22.714728214560278,13.074812573515109
2025-11-20 18:37:27.887133+00:00,Jupiter,116.59959495949522,21.321870171862333,123.68185268880434
2025-11-20 18:37:27.887133+00:00,Saturn,356.22243860942365,-4.255272959469246,116.48462997318397
2025-11-20 18:37:27.887133+00:00,Uranus,56.94609683513305,19.755492795656657,179.19286945951416
2025-11-20 18:37:27.887133+00:00,Neptune,359.73260910139004,-1.5970358644792195,120.7757972215804
2025-11-21 00:37:27.887133+00:00,Mercury,234.98081067937738,-18.77045361402739,1.6792023313332671
2025-11-21 00:37:27.887133+00:00,Venus,225.14088653210038,-15.998871596337798,11.333265628248496
2025-11-21 00:37:27.887133+00:00,Earth,0.0,0.0,
2025-11-21 00:37:27.887133+00:00,Mars,249.964064425098,-22.741982223089728,13.00560992236564
2025-11-21 00:37:27.887133+00:00,Jupiter,116.5915801819794,21.323860689664386,123.94203292326945
2025-11-21 00:37:27.887133+00:00,Saturn,356.21910543399525,-4.255781383878749,116.22919161098926
2025-11-21 00:37:27.887133+00:00,Uranus,56.93521478271447,19.75325636127707,179.4429677886836
2025-11-21 00:37:27.887133+00:00,Neptune,359.73004906325303,-1.5979909019326815,120.52068663100388
2025-11-21 06:37:27.887133+00:00,Mercury,234.65647304804696,-18.61382479904266,2.24901051621908
2025-11-21 06:37:27.887133+00:00,Venus,225.45231543805335,-16.09402047587727,11.271332164352641
2025-11-21 06:37:27.887133+00:00,Earth,0.0,0.0,
2025-11-21 06:37:27.887133+00:00,Mars,250.16052846837263,-22.769007032130606,12.93644348427785
2025-11-21 06:37:27.887133+00:00,Jupiter,116.5833465535343,21.325888344818594,124.20244526815802
2025-11-21 06:37:27.887133+00:00,Saturn,356.21587334647273,-4.256244437210788,115.97383716055653
2025-11-21 06:37:27.887133+00:00,Uranus,56.92433231145086,19.751019361288666,179.67228645271734
2025-11-21 06:37:27.887133+00:00,Neptune,359.72751879855815,-1.5989325629361686,120.26558309117277
2025-11-21 12:37:27.887133+00:00,Mercury,234.3355446671288,-18.458321107075033,2.8253026026558743
2025-11-21 12:37:27.887133+00:00,Venus,225.764050920152,-16.18873412867545,11.209408534502833
2025-11-21 12:37:27.887133+00:00,Earth,0.0,0.0,
2025-11-21 12:37:27.887133+00:00,Mars,250.3571329420256,-22.795801992977754,12.867313453565732
2025-11-21 12:37:27.887133+00:00,Jupiter,116.57489429215659,21.327953061707912,124.46308917724714
2025-11-21 12:37:27.887133+00:00,Saturn,356.2127424728098,-4.256662093634606,115.71856709230708
2025-11-21 12:37:27.887133+00:00,Uranus,56.91344973878456,19.748781862205306,179.79303598478702
2025-11-21 12:37:27.887133+00:00,Neptune,359.72501838222485,-1.599860819140126,120.01048701381941
2025-11-21 18:37:27.887133+00:00,Mercury,234.0186875035885,-18.304236369334205,3.4024924731223405
2025-11-21 18:37:27.887133+00:00,Venus,226.07609357030734,-16.283009077621585,11.147494718398267
2025-11-21 18:37:27.887133+00:00,Earth,0.0,0.0,
2025-11-21 18:37:27.887133+00:00,Mars,250.55387719205925,-22.822366460294415,12.798220023829426
2025-11-21 18:37:27.887133+00:00,Jupiter,116.56622362614036,21.330054761808245,124.72396409467817
2025-11-21 18:37:27.887133+00:00,Saturn,356.2097129349972,-4.2570343291238375,115.46338187150435
2025-11-21 18:37:27.887133+00:00,Uranus,56.90256738215132,19.746543930551102,179.65847707665378
2025-11-21 18:37:27.887133+00:00,Neptune,359.7225478881449,-1.6007756426948498,119.75539880891839
2025-11-22 00:37:27.887133+00:00,Mercury,233.7065470711934,-18.151861696720186,3.9778343708192363
2025-11-22 00:37:27.887133+00:00,Venus,226.3884439483123,-16.37684185136181,11.085590695248653
2025-11-22 00:37:27.887133+00:00,Earth,0.0,0.0,
2025-11-22 00:37:27.887133+00:00,Mars,250.7507605579963,-22.848699792170407,12.729163387810642
2025-11-22 00:37:27.887133+00:00,Jupiter,116.55733479405856,21.332193363695048,124.98506945527359
2025-11-22 00:37:27.887133+00:00,Saturn,356.20678485105356,-4.257361121457823,115.20828195795468
2025-11-22 00:37:27.887133+00:00,Uranus,56.89168555894041,19.74430563285145,179.42654949728896
2025-11-22 00:37:27.887133+00:00,Neptune,359.72010738917436,-1.601677006253778,119.50031888438356
2025-11-22 06:37:27.887133+00:00,Mercury,233.39974965195117,-18.001483893976758,4.549645391628285
2025-11-22 06:37:27.887133+00:00,Venus,226.70110258168228,-16.470228984524034,11.023696443939482
2025-11-22 06:37:27.887133+00:00,Earth,0.0,0.0,
2025-11-22 06:37:27.887133+00:00,Mars,250.9477823730445,-22.874801350178622,12.660143737250662
2025-11-22 06:37:27.887133+00:00,Jupiter,116.54822804474121,21.334368783050735,125.2464046848556
2025-11-22 06:37:27.887133+00:00,Saturn,356.203958335016,-4.2576424502220585,114.95326780571105
2025-11-22 06:37:27.887133+00:00,Uranus,56.880804586454424,19.742067035624284,179.1756861029233
2025-11-22 06:37:27.887133+00:00,Neptune,359.71769695712567,-1.6025648829765295,119.24524764576731
2025-11-22 12:37:27.887133+00:00,Mercury,233.09889971266185,-17.853383916773023,5.11671971595758
2025-11-22 12:37:27.887133+00:00,Venus,227.01406996549755,-16.56316701794302,10.961811943198501
2025-11-22 12:37:27.887133+00:00,Earth,0.0,0.0,
2025-11-22 12:37:27.887133+00:00,Mars,251.14494196426367,-22.90067049942994,12.591161262748441
2025-11-22 12:37:27.887133+00:00,Jupiter,116.53890363725019,21.336580932673378,125.50796920056673
2025-11-22 12:37:27.887133+00:00,Saturn,356.2012334969339,-4.257878296807862,114.69833986277936
2025-11-22 12:37:27.887133+00:00,Uranus,56.86992478186931,19.739828205371264,178.9189741260534
2025-11-22 12:37:27.887133+00:00,Neptune,359.7153166627602,-1.6034392465317089,118.99018549596111
2025-11-22 18:37:27.887133+00:00,Mercury,232.80457753989003,-17.707835390587167,5.678099267011752
2025-11-22 18:37:27.887133+00:00,Venus,227.32734656224886,-16.655652498885694,10.899937171761751
2025-11-22 18:37:27.887133+00:00,Earth,0.0,0.0,
2025-11-22 18:37:27.887133+00:00,Mars,251.34223865273188,-22.92630660862653,12.522216153621105
2025-11-22 18:37:27.887133+00:00,Jupiter,116.52936184085146,21.33882972248612,125.76976241119218
2025-11-22 18:37:27.887133+00:00,Saturn,356.19861044286273,-4.2580686444113285,114.4434985708275
2025-11-22 18:37:27.887133+00:00,Uranus,56.859046462194605,19.73758920856914,178.65975746435626
2025-11-22 18:37:27.887133+00:00,Neptune,359.71296657578205,-1.6043000710994746,118.73513283489777
2025-11-23 00:37:27.887133+00:00,Mercury,232.51733711268605,-17.56510320883709,6.232972314422003
2025-11-23 00:37:27.887133+00:00,Venus,227.6409328016855,-16.74768198127686,10.838072108540292
2025-11-23 00:37:27.887133+00:00,Earth,0.0,0.0,
2025-11-23 00:37:27.887133+00:00,Mars,251.5396717537142,-22.951709050113454,12.453308597764883
2025-11-23 00:37:27.887133+00:00,Jupiter,116.51960293498455,21.341115059547736,126.03178371748416
2025-11-23 00:37:27.887133+00:00,Saturn,356.19608927485956,-4.258213478031589,114.18874436489607
2025-11-23 00:37:27.887133+00:00,Uranus,56.84816994423376,19.73535011166118,178.39924224293895
2025-11-23 00:37:27.887133+00:00,Neptune,359.71064676483047,-1.6051473313738989,118.48009005925468
2025-11-23 06:37:27.887133+00:00,Mercury,232.23770422818723,-17.425442225926044,6.7806245236417775
2025-11-23 06:37:27.887133+00:00,Venus,227.95482908066776,-16.83925202592552,10.776216732786539
2025-11-23 06:37:27.887133+00:00,Earth,0.0,0.0,
2025-11-23 06:37:27.887133+00:00,Mars,251.73724057683097,-22.976877199928936,12.384438781516964
2025-11-23 06:37:27.887133+00:00,Jupiter,116.50962720922897,21.34343684806394,126.29403251248901
2025-11-23 06:37:27.887133+00:00,Saturn,356.1936700909807,-4.258312784468464,113.93407767311068
2025-11-23 06:37:27.887133+00:00,Uranus,56.837295544544524,19.733110981048647,178.13796500491284
2025-11-23 06:37:27.887133+00:00,Neptune,359.70835729747495,-1.6059810025651329,118.22505756215743
2025-11-23 12:37:27.887133+00:00,Mercury,231.96617489091557,-17.289096058807683,7.32041374597572
2025-11-23 12:37:27.887133+00:00,Venus,228.26903576302308,-16.930359200751855,10.714371024262487
2025-11-23 12:37:27.887133+00:00,Earth,0.0,0.0,
2025-11-23 12:37:27.887133+00:00,Mars,251.93494442622833,-23.001810437852917,12.31560688951698
2025-11-23 12:37:27.887133+00:00,Jupiter,116.49943496326863,21.345794989399632,126.55650818187776
2025-11-23 12:37:27.887133+00:00,Saturn,356.1913529852782,-4.258366552319553,113.67949891639398
2025-11-23 12:37:27.887133+00:00,Uranus,56.826423579399446,19.73087188308227,177.8761998921742
2025-11-23 12:37:27.887133+00:00,Neptune,359.7060982402084,-1.6068010604013894,117.97003573288272
2025-11-23 18:37:27.887133+00:00,Mercury,231.7032139722788,-17.156296008396673,7.8517563895726115
2025-11-23 18:37:27.887133+00:00,Venus,228.5835531794084,-17.021000081015384,10.652534963407259
2025-11-23 18:37:27.887133+00:00,Earth,0.0,0.0,
2025-11-23 18:37:27.887133+00:00,Mars,252.1327826007507,-23.026508147454376,12.246813104567384
2025-11-23 18:37:27.887133+00:00,Jupiter,116.48902650685281,21.348189382091853,126.81921010428141
2025-11-23 18:37:27.887133+00:00,Saturn,356.18913804779993,-4.258374771976865,113.42500850817682
2025-11-23 18:37:27.887133+00:00,Uranus,56.81555436474648,19.728632884053926,177.61410144690123
2025-11-23 18:37:27.887133+00:00,Neptune,359.7038696584419,-1.6076074811307843,117.71502495655966
2025-11-24 00:37:27.887133+00:00,Mercury,231.4492541425741,-17.027260109728665,8.374119759187975
2025-11-24 00:37:27.887133+00:00,Venus,228.898381627178,-17.11117124954412,10.590708531508383
2025-11-24 00:37:27.887133+00:00,Earth,0.0,0.0,
2025-11-24 00:37:27.887133+00:00,Mars,252.33075439411436,-23.05096971613723,12.178057607492663
2025-11-24 00:37:27.887133+00:00,Jupiter,116.47840215975542,21.350619921863803,127.08213765163272
2025-11-24 00:37:27.887133+00:00,Saturn,356.1870253645882,-4.258337435623006,113.17060685410597
2025-11-24 00:37:27.887133+00:00,Uranus,56.80468821616937,19.726394050188112,177.35176344375915
2025-11-24 00:37:27.887133+00:00,Neptune,359.70167161649965,-1.6084002415230236,117.4600256138672
2025-11-24 06:37:27.887133+00:00,Mercury,231.2046950737877,-16.902192317282942,8.887017588415786
2025-11-24 06:37:27.887133+00:00,Venus,229.21352137025977,-17.200869296965546,10.528891710873998
2025-11-24 06:37:27.887133+00:00,Earth,0.0,0.0,
2025-11-24 06:37:27.887133+00:00,Mars,252.5288590950857,-23.07519453518511,12.109340576994734
2025-11-24 06:37:27.887133+00:00,Jupiter,116.46756225173044,21.353086501639428,127.34529018951615
2025-11-24 06:37:27.887133+00:00,Saturn,356.18501501768014,-4.258254537227015,112.91629435174765
2025-11-24 06:37:27.887133+00:00,Uranus,56.79382544884804,19.724155447633574,177.08924614485235
2025-11-24 06:37:27.887133+00:00,Neptune,359.6995041776137,-1.609179318870993,117.20503808072648
2025-11-24 12:37:27.887133+00:00,Mercury,230.96990290776043,-16.781281829392153,9.390007311282377
2025-11-24 12:37:27.887133+00:00,Venus,229.52897263904023,-17.29009082193911,10.46708448500902
2025-11-24 12:37:27.887133+00:00,Earth,0.0,0.0,
2025-11-24 12:37:27.887133+00:00,Mars,252.72709598766193,-23.099181999804777,12.040662189504376
2025-11-24 12:37:27.887133+00:00,Jupiter,116.45650712246483,21.355589011559086,127.60866707752848
2025-11-24 12:37:27.887133+00:00,Saturn,356.18310708510865,-4.258126072539887,112.66207139028319
2025-11-24 12:37:27.887133+00:00,Uranus,56.78296637751872,19.72191714245483,176.82659010685774
2025-11-24 12:37:27.887133+00:00,Neptune,359.69736740391824,-1.6099446909922426,116.95006272798581
2025-11-24 18:37:27.887133+00:00,Mercury,230.74520998091342,-16.6647025532437,9.882688277393635
2025-11-24 18:37:27.887133+00:00,Venus,229.84473563026032,-17.37883243139098,10.4052868387956
2025-11-24 18:37:27.887133+00:00,Earth,0.0,0.0,
2025-11-24 18:37:27.887133+00:00,Mars,252.925464351258,-23.12293150916871,11.972022619027468
2025-11-24 18:37:27.887133+00:00,Jupiter,116.44523712152777,21.35812733899602,127.87226766965308
2025-11-24 18:37:27.887133+00:00,Saturn,356.1813016409035,-4.257952039089811,112.40793835019578
2025-11-24 18:37:27.887133+00:00,Uranus,56.772111316433644,19.71967920062366,176.56382368645419
2025-11-24 18:37:27.887133+00:00,Neptune,359.69526135644617,-1.6106963362303945,116.69509992109543
2025-11-25 00:37:27.887133+00:00,Mercury,230.53091479375445,-16.552612709684105,10.36470045942948
2025-11-25 00:37:27.887133+00:00,Venus,230.16081050692313,-17.46709074075098,10.34349875867902
2025-11-25 00:37:27.887133+00:00,Earth,0.0,0.0,
2025-11-25 00:37:27.887133+00:00,Mars,253.12396346089824,-23.14644246645652,11.90342203698331
2025-11-25 00:37:27.887133+00:00,Jupiter,116.43375260831573,21.3607013685738,128.13609131465034
2025-11-25 00:37:27.887133+00:00,Saturn,356.17959875509234,-4.257732436177132,112.1538956029446
2025-11-25 00:37:27.887133+00:00,Uranus,56.76126057932036,19.717441688010464,176.3009673597602
2025-11-25 00:37:27.887133+00:00,Neptune,359.6931860951232,-1.6114342334564735,116.44015001977009
2025-11-25 06:37:27.887133+00:00,Mercury,230.32728221085063,-16.445154574921208,10.835723391116938
2025-11-25 06:37:27.887133+00:00,Venus,230.47719739821588,-17.554862374192172,10.281720232860655
2025-11-25 06:37:27.887133+00:00,Earth,0.0,0.0,
2025-11-25 06:37:27.887133+00:00,Mars,253.32259258741684,-23.169714278895587,11.834860612034307
2025-11-25 06:37:27.887133+00:00,Jupiter,116.42205395199314,21.363310982185055,128.40013735646824
2025-11-25 06:37:27.887133+00:00,Saturn,356.17799849370357,-4.257467264869083,111.89994351062379
2025-11-25 06:37:27.887133+00:00,Uranus,56.75041447934025,19.715204670375552,176.03803632824958
2025-11-25 06:37:27.887133+00:00,Neptune,359.6911416787635,-1.6121583620701854,116.18521337763589
2025-11-25 12:37:27.887133+00:00,Mercury,230.13454387486794,-16.34245435431913,11.29547518222529
2025-11-25 12:37:27.887133+00:00,Venus,230.79389639944827,-17.64214396487316,10.219951251498287
2025-11-25 12:37:27.887133+00:00,Earth,0.0,0.0,
2025-11-25 12:37:27.887133+00:00,Mars,253.52135099766605,-23.19274635780071,11.766338509905601
2025-11-25 12:37:27.887133+00:00,Jupiter,116.41014153142774,21.365956059011175,128.66440513467637
2025-11-25 12:37:27.887133+00:00,Saturn,356.1765009187677,-4.257156527994169,111.64608242560348
2025-11-25 12:37:27.887133+00:00,Uranus,56.73957332904641,19.712968213360266,175.7750421544792
2025-11-25 12:37:27.887133+00:00,Neptune,359.689128165065,-1.61286870200112,115.93029034185888
2025-11-25 18:37:27.887133+00:00,Mercury,229.95289881666184,-16.244622181826223,11.743711521470667
2025-11-25 18:37:27.887133+00:00,Venus,231.11090757200785,-17.728932155183223,10.158191806917824
2025-11-25 18:37:27.887133+00:00,Earth,0.0,0.0,
2025-11-25 18:37:27.887133+00:00,Mars,253.7202379547353,-23.215538118613047,11.697855893192003
2025-11-25 18:37:27.887133+00:00,Jupiter,116.39801573511967,21.36863647554367,128.92889398492807
2025-11-25 18:37:27.887133+00:00,Saturn,356.17510608832066,-4.256800230136255,111.3923126901493
2025-11-25 18:37:27.887133+00:00,Uranus,56.72873744034048,19.71073238247788,175.5119938241221
2025-11-25 18:37:27.887133+00:00,Neptune,359.68714561060506,-1.6135652337098896,115.67538125275182
2025-11-26 00:37:27.887133+00:00,Mercury,229.78251424223393,-16.151752237185143,12.180224617594531
2025-11-26 00:37:27.887133+00:00,Venus,231.42823094333568,-17.81522359699049,10.096441893835413
2025-11-26 00:37:27.887133+00:00,Earth,0.0,0.0,
2025-11-26 00:37:27.887133+00:00,Mars,253.9192527181823,-23.238088980938098,11.629412921150804
2025-11-26 00:37:27.887133+00:00,Jupiter,116.38567696112325,21.371352105606952,129.19360323945392
2025-11-26 00:37:27.887133+00:00,Saturn,356.17381405640657,-4.256398377628166,111.13863463601751
2025-11-26 00:37:27.887133+00:00,Uranus,56.71790712442838,19.70849724310435,175.24889845590812
2025-11-26 00:37:27.887133+00:00,Neptune,359.6851940708358,-1.6142479381891692,115.4204864433561
2025-11-26 06:37:27.887133+00:00,Mercury,229.6235264766348,-16.063922971955947,12.60484205356618
2025-11-26 06:37:27.887133+00:00,Venus,231.74586650692362,-17.901014951893007,10.034701509592153
2025-11-26 06:37:27.887133+00:00,Earth,0.0,0.0,
2025-11-26 06:37:27.887133+00:00,Mars,254.1183945442776,-23.260398368582923,11.561009749479375
2025-11-26 06:37:27.887133+00:00,Jupiter,116.373125616961,21.37410282038314,129.45853222759192
2025-11-26 06:37:27.887133+00:00,Saturn,356.172624873082,-4.255950978544735,110.88504858402285
2025-11-26 06:37:27.887133+00:00,Uranus,56.70708269177477,19.706262860468883,174.9857617883964
2025-11-26 06:37:27.887133+00:00,Neptune,359.68327360007964,-1.6149167969646263,115.16560623899534
2025-11-26 12:37:27.887133+00:00,Mercury,229.476042044564,-15.981197434536371,13.017425544603425
2025-11-26 12:37:27.887133+00:00,Venus,232.063814222335,-17.98630289147277,9.972970654405255
2025-11-26 12:37:27.887133+00:00,Earth,0.0,0.0,
2025-11-26 12:37:27.887133+00:00,Mars,254.31766268626498,-23.282465709592344,11.49264653007497
2025-11-26 12:37:27.887133+00:00,Jupiter,116.3603621195272,21.37688848843886,129.72368027635832
2025-11-26 12:37:27.887133+00:00,Saturn,356.1715385844208,-4.255458042695107,110.63155484357566
2025-11-26 12:37:27.887133+00:00,Uranus,56.69626445205614,19.704029299644123,174.72258852124958
2025-11-26 12:37:27.887133+00:00,Neptune,359.6813842515254,-1.6155717920956811,114.91074095679795
2025-11-26 18:37:27.887133+00:00,Mercury,229.34013886745444,-15.903623683780063,13.417869600807029
2025-11-26 18:37:27.887133+00:00,Venus,232.38207401525088,-18.071084097552248,9.911249331634739
2025-11-26 18:37:27.887133+00:00,Earth,0.0,0.0,
2025-11-26 18:37:27.887133+00:00,Mars,254.5170563946388,-23.304290436284138,11.424323410776342
2025-11-26 18:37:27.887133+00:00,Jupiter,116.34738689498161,21.379708975754518,129.98904671106317
2025-11-26 18:37:27.887133+00:00,Saturn,356.1705552325204,-4.254919581614078,110.37815371218629
2025-11-26 18:37:27.887133+00:00,Uranus,56.68545271411221,19.701796625536264,174.45938255925077
2025-11-26 18:37:27.887133+00:00,Neptune,359.67952607722424,-1.616212906176058,114.65589090518502
2025-11-27 00:37:27.887133+00:00,Mercury,229.2158675571905,-15.831235280478454,13.806100101643581
2025-11-27 00:37:27.887133+00:00,Venus,232.70064577754272,-18.155355262453323,9.849537548068161
2025-11-27 00:37:27.887133+00:00,Earth,0.0,0.0,
2025-11-27 00:37:27.887133+00:00,Mars,254.71657491743957,-23.325871985282987,11.35604053508422
2025-11-27 00:37:27.887133+00:00,Jupiter,116.33420037863007,21.382564145756387,130.25463085597573
2025-11-27 00:37:27.887133+00:00,Saturn,356.1696748555102,-4.254335608552213,110.12484547493395
2025-11-27 00:37:27.887133+00:00,Uranus,56.674647785895914,19.69956490287483,174.1961471898549
2025-11-27 00:37:27.887133+00:00,Neptune,359.67769912808626,-1.616840122334051,114.40105638332157
2025-11-27 06:37:27.887133+00:00,Mercury,229.10325278725506,-15.764051845864223,14.182072793501948
2025-11-27 06:37:27.887133+00:00,Venus,233.0195293673731,-18.239113089258126,9.787835314226013
2025-11-27 06:37:27.887133+00:00,Earth,0.0,0.0,
2025-11-27 06:37:27.887133+00:00,Mars,254.91621750057158,-23.347209797552928,11.2877980418625
2025-11-27 06:37:27.887133+00:00,Jupiter,116.32080301479184,21.38545385935181,130.52043203504243
2025-11-27 06:37:27.887133+00:00,Saturn,356.16889748756114,-4.25370613846442,109.87163040389866
2025-11-27 06:37:27.887133+00:00,Uranus,56.663849974421424,19.697334196202224,173.93288521440246
2025-11-27 06:37:27.887133+00:00,Neptune,359.67590345387725,-1.6174534242324141,114.1462376805284
2025-11-27 12:37:27.887133+00:00,Mercury,229.00229472297906,-15.702079676391186,14.545771723855001
2025-11-27 12:37:27.887133+00:00,Venus,233.3387246093253,-18.32235429207085,9.726142644687965
2025-11-27 12:37:27.887133+00:00,Earth,0.0,0.0,
2025-11-27 12:37:27.887133+00:00,Mars,255.1159833881402,-23.368303318428026,11.219596065016274
2025-11-27 12:37:27.887133+00:00,Jupiter,116.30719525665089,21.38837797496797,130.78644957266155
2025-11-27 12:37:27.887133+00:00,Saturn,356.16822315889976,-4.253031187996622,109.61850875755488
2025-11-27 12:37:27.887133+00:00,Uranus,56.65305958571064,19.695104569863226,173.66959904644307
2025-11-27 12:37:27.887133+00:00,Neptune,359.67413910321716,-1.6180527960677882,113.8914350756532
2025-11-27 18:37:27.887133+00:00,Mercury,228.9129704936361,-15.645312404317805,14.89720762669758
2025-11-27 18:37:27.887133+00:00,Venus,233.65823129456209,-18.405075596280177,9.664459558440868
2025-11-27 18:37:27.887133+00:00,Earth,0.0,0.0,
2025-11-27 18:37:27.887133+00:00,Mars,255.31587182281325,-23.389151997641008,11.151434733149326
2025-11-27 18:37:27.887133+00:00,Jupiter,116.29337756609094,21.391336348594617,131.052682794517
2025-11-27 18:37:27.887133+00:00,Saturn,356.16765189582514,-4.252310775470083,109.36548078012683
2025-11-27 18:37:27.887133+00:00,Uranus,56.64227692473789,19.692876087994126,173.4062907863329
2025-11-27 18:37:27.887133+00:00,Neptune,359.67240612357784,-1.6186382225695253,113.63664883640011
2025-11-28 00:37:27.887133+00:00,Mercury,228.8352356903395,-15.593731694044827,15.236416274238843
2025-11-28 00:37:27.887133+00:00,Venus,233.97804918101357,-18.4872737388208,9.60278607925017
2025-11-28 00:37:27.887133+00:00,Earth,0.0,0.0,
2025-11-28 00:37:27.887133+00:00,Mars,255.5158820462056,-23.409755289349214,11.083314169200243
2025-11-28 00:37:27.887133+00:00,Jupiter,116.27935041351132,21.394328833831224,131.3191310284729
2025-11-28 00:37:27.887133+00:00,Saturn,356.16718372073,-4.251544920862915,109.11254670090636
2025-11-28 00:37:27.887133+00:00,Uranus,56.63150229537292,19.690648814512,173.1429622784596
2025-11-28 00:37:27.887133+00:00,Neptune,359.6707045612837,-1.6192096889977767,113.38187921861753
2025-11-28 06:37:27.887133+00:00,Mercury,228.76902587501712,-15.547307964700764,15.563456809552106
2025-11-28 06:37:27.887133+00:00,Venus,234.29817799359324,-18.568945468433338,9.54112223605565
2025-11-28 06:37:27.887133+00:00,Earth,0.0,0.0,
2025-11-28 06:37:27.887133+00:00,Mars,255.7160132992877,-23.430112652157476,11.015234490059008
2025-11-28 06:37:27.887133+00:00,Jupiter,116.26511427762316,21.397355281938914,131.5857936055292
2025-11-28 06:37:27.887133+00:00,Saturn,356.1668186521287,-4.250733645788252,108.85970673353502
2025-11-28 06:37:27.887133+00:00,Uranus,56.62073600032262,19.688422813103866,172.8796151555721
2025-11-28 06:37:27.887133+00:00,Neptune,359.6690344615124,-1.619767181140699,113.12712646554554
2025-11-28 12:37:27.887133+00:00,Mercury,228.71425808712107,-15.506001130107107,15.878410074193155
2025-11-28 12:37:27.887133+00:00,Venus,234.61861742443995,-18.65008754592076,9.479468063388413
2025-11-28 12:37:27.887133+00:00,Earth,0.0,0.0,
2025-11-28 12:37:27.887133+00:00,Mars,255.91626482281737,-23.45022354913737,10.947195806164967
2025-11-28 12:37:27.887133+00:00,Jupiter,116.25066964522419,21.400415541897754,131.85266986083838
2025-11-28 12:37:27.887133+00:00,Saturn,356.1665567046905,-4.249876973468472,108.60696107525419
2025-11-28 12:37:27.887133+00:00,Uranus,56.60997834107144,19.686198147215983,172.61625087342415
2025-11-28 12:37:27.887133+00:00,Neptune,359.66739586829857,-1.6203106853105782,112.87239080702594
2025-11-28 18:37:27.887133+00:00,Mercury,228.67083233614431,-15.469761347960947,16.18137694383275
2025-11-28 18:37:27.887133+00:00,Venus,234.93936713318465,-18.730696744400042,9.417823601812064
2025-11-28 18:37:27.887133+00:00,Earth,0.0,0.0,
2025-11-28 18:37:27.887133+00:00,Mars,256.1166358577949,-23.470087447841962,10.879198221091219
2025-11-28 18:37:27.887133+00:00,Jupiter,116.23601701095112,21.40350946046962,132.11975913477923
2025-11-28 18:37:27.887133+00:00,Saturn,356.1663978892811,-4.248974928704877,108.35430990612822
2025-11-28 18:37:27.887133+00:00,Uranus,56.59922961782112,19.68397488004346,172.3528707380548
2025-11-28 18:37:27.887133+00:00,Neptune,359.6657888245383,-1.6208401883386951,112.61767245867807
2025-11-29 00:37:27.887133+00:00,Mercury,228.63863306942923,-15.438529770823786,16.472476683790113
2025-11-29 00:37:27.887133+00:00,Venus,235.26042674723598,-18.81076984954702,9.356188898383794
2025-11-29 00:37:27.887133+00:00,Earth,0.0,0.0,
2025-11-29 00:37:27.887133+00:00,Mars,256.3171256459382,-23.48970382031561,10.811241831117181
2025-11-29 00:37:27.887133+00:00,Jupiter,116.22115687700853,21.40663688226715,132.38706077408403
2025-11-29 00:37:27.887133+00:00,Saturn,356.166342213014,-4.248027537842174,108.10175338824742
2025-11-29 00:37:27.887133+00:00,Uranus,56.58849012942993,19.68175307452027,172.08947592741745
2025-11-29 00:37:27.887133+00:00,Neptune,359.6642133719978,-1.6213556775687226,112.36297162104759
2025-11-29 06:37:27.887133+00:00,Mercury,228.61753060614907,-15.412239292281896,16.751845335089786
2025-11-29 06:37:27.887133+00:00,Venus,235.58179586208237,-18.890303659832476,9.294564007134236
2025-11-29 06:37:27.887133+00:00,Earth,0.0,0.0,
2025-11-29 06:37:27.887133+00:00,Mars,256.5177334301772,-23.509072143097775,10.743326724796333
2025-11-29 06:37:27.887133+00:00,Jupiter,116.2060897528746,21.409797649828995,132.65457413301138
2025-11-29 06:37:27.887133+00:00,Saturn,356.1663896793108,-4.2470348287270365,107.84929166492036
2025-11-29 06:37:27.887133+00:00,Uranus,56.577760173352324,19.679532793309804,171.82606750863243
2025-11-29 06:37:27.887133+00:00,Neptune,359.66266955132335,-1.6218571408484235,112.10828847873533
2025-11-29 12:37:27.887133+00:00,Mercury,228.60738252968937,-15.39081528242498,17.019634140344593
2025-11-29 12:37:27.887133+00:00,Venus,235.90347404160207,-18.969294986747197,9.232948989561557
2025-11-29 12:37:27.887133+00:00,Earth,0.0,0.0,
2025-11-29 12:37:27.887133+00:00,Mars,256.7184584551626,-23.528191897219966,10.67545298252443
2025-11-29 12:37:27.887133+00:00,Jupiter,116.19081615498285,21.41299160370154,132.92229857455567
2025-11-29 12:37:27.887133+00:00,Saturn,356.16654028797507,-4.24599683066015,107.59692485986612
2025-11-29 12:37:27.887133+00:00,Uranus,56.56704004557962,19.677314098796405,171.56264645182205
2025-11-29 12:37:27.887133+00:00,Neptune,359.66115740205606,-1.6223445665194207,111.85362319951685
2025-11-29 18:37:27.887133+00:00,Mercury,228.6080350319253,-15.374176307553496,17.276008017461947
2025-11-29 18:37:27.887133+00:00,Venus,236.2254608183754,-19.047740655013772,9.171343915136621
2025-11-29 18:37:27.887133+00:00,Earth,0.0,0.0,
2025-11-29 18:37:27.887133+00:00,Mars,256.9192999677845,-23.547062568195294,10.607620676116884
2025-11-29 18:37:27.887133+00:00,Jupiter,116.1753366063811,21.416218582527378,133.1902334716797
2025-11-29 18:37:27.887133+00:00,Saturn,356.16679403527786,-4.244913574341014,107.3446530764205
2025-11-29 18:37:27.887133+00:00,Uranus,56.5563300405824,19.675097053077828,171.2992136412626
2025-11-29 18:37:27.887133+00:00,Neptune,359.65967696264954,-1.6228179434048389,111.59897593346491
2025-11-30 00:37:27.887133+00:00,Mercury,228.6193242041191,-15.362234829781393,17.52114408785257
2025-11-30 00:37:27.887133+00:00,Venus,236.54775569398925,-19.12563750278253,9.109748861812497
2025-11-30 00:37:27.887133+00:00,Earth,0.0,0.0,
2025-11-30 00:37:27.887133+00:00,Mars,257.12025721769504,-23.565683645999158,10.53982986840312
2025-11-30 00:37:27.887133+00:00,Jupiter,116.15965163636906,21.41947842314021,133.45837820855556
2025-11-30 00:37:27.887133+00:00,Saturn,356.167150914059,-4.243785091804878,107.09247639677201
2025-11-30 00:37:27.887133+00:00,Uranus,56.545630451256116,19.6728817179592,171.0357698844205
2025-11-30 00:37:27.887133+00:00,Neptune,359.6582282704924,-1.623277260794528,111.34434681209044
2025-11-30 06:37:27.887133+00:00,Mercury,228.6410772702714,-15.354897882907338,17.755230264593504
2025-11-30 06:37:27.887133+00:00,Venus,236.87035813932408,-19.2029823818093,9.048163916531635
2025-11-30 06:37:27.887133+00:00,Earth,0.0,0.0,
2025-11-30 06:37:27.887133+00:00,Mars,257.32132945782763,-23.58405462504073,10.472080612850894
2025-11-30 06:37:27.887133+00:00,Jupiter,116.14376178011644,21.422770960666266,133.72673218179352
2025-11-30 06:37:27.887133+00:00,Saturn,356.16761091384257,-4.242611416351373,106.84039488124606
2025-11-30 06:37:27.887133+00:00,Uranus,56.53494156887063,19.67066815494852,170.77231591931454
2025-11-30 06:37:27.887133+00:00,Neptune,359.65681136193535,-1.6237225084277294,111.08973594751885
2025-11-30 12:37:27.887133+00:00,Mercury,228.67311375979597,-15.352067721601363,17.978463904820995
2025-11-30 12:37:27.887133+00:00,Venus,237.19326759481103,-19.279772157612317,8.986589175722289
2025-11-30 12:37:27.887133+00:00,Earth,0.0,0.0,
2025-11-30 12:37:27.887133+00:00,Mars,257.5225159449051,-23.602175004124064,10.404372953228632
2025-11-30 12:37:27.887133+00:00,Jupiter,116.12766757826482,21.426096028631573,133.99529480163827
2025-11-30 12:37:27.887133+00:00,Saturn,356.16817402097126,-4.241392582464243,106.58840856765788
2025-11-30 12:37:27.887133+00:00,Uranus,56.5242636830251,19.66845642525421,170.5088524205592
2025-11-30 12:37:27.887133+00:00,Neptune,359.6554262723236,-1.6241536764729279,110.83514343172202
2025-11-30 18:37:27.887133+00:00,Mercury,228.715246617325,-15.353642441578106,18.19105052954162
2025-11-30 18:37:27.887133+00:00,Venus,237.51648347064702,-19.356003709606316,8.925024745775843
2025-11-30 18:37:27.887133+00:00,Earth,0.0,0.0,
2025-11-30 18:37:27.887133+00:00,Mars,257.723815939925,-23.62004428639824,10.336706923322918
2025-11-30 18:37:27.887133+00:00,Jupiter,116.11136957651763,21.4294534590746,134.2640654931051
2025-11-30 18:37:27.887133+00:00,Saturn,356.1688402187568,-4.2401286257220585,106.33651747075685
2025-11-30 18:37:27.887133+00:00,Uranus,56.51359708160994,19.666246589784897,170.24538000436783
2025-11-30 18:37:27.887133+00:00,Neptune,359.65407303603484,-1.6245707555047872,110.58056933582803
2025-12-01 00:37:27.887133+00:00,Mercury,228.767283248297,-15.359516569000359,18.39320261305443
2025-12-01 00:37:27.887133+00:00,Venus,237.84000514695327,-19.43167393121134,8.863470743492739
2025-12-01 00:37:27.887133+00:00,Earth,0.0,0.0,
2025-12-01 00:37:27.887133+00:00,Mars,257.92522870861325,-23.63766197929589,10.269082546721542
2025-12-01 00:37:27.887133+00:00,Jupiter,116.09486832522279,21.43284308266337,134.5330436970287
2025-12-01 00:37:27.887133+00:00,Saturn,356.1696094876492,-4.2388195826996595,106.08472158178644
2025-12-01 00:37:27.887133+00:00,Uranus,56.502942050776724,19.6640387091519,169.9818992327499
2025-12-01 00:37:27.887133+00:00,Neptune,359.6527516865226,-1.6249737364780148,110.32601370953238
2025-12-01 06:37:27.887133+00:00,Mercury,228.82902649972453,-15.36958161787701,18.58513844327777
2025-12-01 06:37:27.887133+00:00,Venus,238.16383197386307,-19.50677972993491,8.801927296487442
2025-12-01 06:37:27.887133+00:00,Earth,0.0,0.0,
2025-12-01 06:37:27.887133+00:00,Mars,258.1267535218326,-23.655027594459742,10.2014998366784
2025-12-01 06:37:27.887133+00:00,Jupiter,116.07816437895487,21.436264728815875,134.80222887099268
2025-12-01 06:37:27.887133+00:00,Saturn,356.17048180542497,-4.23746549086052,105.83302086818527
2025-12-01 06:37:27.887133+00:00,Uranus,56.492298874918376,19.6618328436745,169.71841061709029
2025-12-01 06:37:27.887133+00:00,Neptune,359.6514622563665,-1.6253626106981278,110.07147658063676
2025-12-01 12:37:27.887133+00:00,Mercury,228.9002755762013,-15.38372661468535,18.76708105347378
2025-12-01 12:37:27.887133+00:00,Venus,238.48796327152306,-19.581318027426043,8.74039454353812
2025-12-01 12:37:27.887133+00:00,Earth,0.0,0.0,
2025-12-01 12:37:27.887133+00:00,Mars,258.3283896559339,-23.672140647656935,10.133958796074404
2025-12-01 12:37:27.887133+00:00,Jupiter,116.0612582961032,21.439718225822414,135.0716204901077
2025-12-01 12:37:27.887133+00:00,Saturn,356.17145714739206,-4.236066388440362,105.58141527345487
2025-12-01 12:37:27.887133+00:00,Uranus,56.48166783666046,19.659629053388645,169.45491462126856
2025-12-01 12:37:27.887133+00:00,Neptune,359.6502047773279,-1.6257373697891324,109.81695795474067
2025-12-01 18:37:27.887133+00:00,Mercury,228.98082689177386,-15.401838589860924,18.93925722515871
2025-12-01 18:37:27.887133+00:00,Venus,238.8123983299942,-19.655285759500764,8.678872634870668
2025-12-01 18:37:27.887133+00:00,Earth,0.0,0.0,
2025-12-01 18:37:27.887133+00:00,Mars,258.53013639303623,-23.689000658681294,10.066459417488852
2025-12-01 18:37:27.887133+00:00,Jupiter,116.04415063847486,21.443203400968123,135.34121804760284
2025-12-01 18:37:27.887133+00:00,Saturn,356.17253548661444,-4.234622314322716,105.32990471721935
2025-12-01 18:37:27.887133+00:00,Uranus,56.47104921686574,19.657427398058967,169.1914116644524
2025-12-01 18:37:27.887133+00:00,Neptune,359.648979280412,-1.6260980056582182,109.5624578151131
2025-12-02 00:37:27.887133+00:00,Mercury,229.07047485879554,-15.423803036159407,19.101896561375444
2025-12-02 00:37:27.887133+00:00,Venus,239.1371364090377,-19.72867987613895,8.61736173236208
2025-12-02 00:37:27.887133+00:00,Earth,0.0,0.0,
2025-12-02 00:37:27.887133+00:00,Mars,258.73199302122316,-23.70560715124393,9.999001683394468
2025-12-02 00:37:27.887133+00:00,Jupiter,116.02684197092117,21.446720080653975,135.61102105519683
2025-12-02 00:37:27.887133+00:00,Saturn,356.1737167941508,-4.23313330790737,105.07848909550103
2025-12-02 00:37:27.887133+00:00,Uranus,56.46044329465291,19.65522793719457,168.92790212367635
2025-12-02 00:37:27.887133+00:00,Neptune,359.64778579593536,-1.626444510457677,109.30797612276851
2025-12-02 06:37:27.887133+00:00,Mercury,229.16901261528787,-15.449504334207395,19.255230628984233
2025-12-02 06:37:27.887133+00:00,Venus,239.4621767377727,-19.801497341453803,8.555862009652714
2025-12-02 06:37:27.887133+00:00,Earth,0.0,0.0,
2025-12-02 06:37:27.887133+00:00,Mars,258.93395883464245,-23.721959652852973,9.931585566489053
2025-12-02 06:37:27.887133+00:00,Jupiter,116.00933286099725,21.45026809051372,135.88102904321667
2025-12-02 06:37:27.887133+00:00,Saturn,356.1750010393081,-4.231599408973028,104.82716828123284
2025-12-02 06:37:27.887133+00:00,Uranus,56.449850347431095,19.65303073006865,168.6643863363002
2025-12-02 06:37:27.887133+00:00,Neptune,359.64662435359935,-1.6267768765443305,109.05351281677065
2025-12-02 12:37:27.887133+00:00,Mercury,229.27623269267784,-15.478826145824229,19.399492168189656
2025-12-02 12:37:27.887133+00:00,Venus,239.78751851419665,-19.87373513363556,8.49437365215559
2025-12-02 12:37:27.887133+00:00,Earth,0.0,0.0,
2025-12-02 12:37:27.887133+00:00,Mars,259.1360331334962,-23.738057694683707,9.864211030172477
2025-12-02 12:37:27.887133+00:00,Jupiter,115.99162387866507,21.45384725552486,136.15124156043242
2025-12-02 12:37:27.887133+00:00,Saturn,356.1763881899065,-4.230020657535815,104.57594212502516
2025-12-02 12:37:27.887133+00:00,Uranus,56.439270650950974,19.650835835741972,168.400864602425
2025-12-02 12:37:27.887133+00:00,Neptune,359.64549498256736,-1.627095096436902,108.79906781478398
2025-12-02 18:37:27.887133+00:00,Mercury,229.39192762605165,-15.511651775919486,19.53491436716234
2025-12-02 18:37:27.887133+00:00,Venus,240.11316090455844,-19.94539024487281,8.43289685695127
2025-12-02 18:37:27.887133+00:00,Earth,0.0,0.0,
2025-12-02 18:37:27.887133+00:00,Mars,259.338215223912,-23.753900811440687,9.796878029176671
2025-12-02 18:37:27.887133+00:00,Jupiter,115.97371559604935,21.457457400110886,136.4216581735832
2025-12-02 18:37:27.887133+00:00,Saturn,356.1778782125525,-4.228397093705616,104.32481045619933
2025-12-02 18:37:27.887133+00:00,Uranus,56.42870447937325,19.648643313090172,168.13733718733135
2025-12-02 18:37:27.887133+00:00,Neptune,359.6443977115471,-1.6273991627718414,108.54464101388763
2025-12-03 00:37:27.887133+00:00,Mercury,229.51589050928604,-15.547864503952638,19.661730199327152
2025-12-03 00:37:27.887133+00:00,Venus,240.43910304258165,-20.016459681254943,8.37143183256478
2025-12-03 00:37:27.887133+00:00,Earth,0.0,0.0,
2025-12-03 00:37:27.887133+00:00,Mars,259.54050441768715,-23.769488541213793,9.729586510352796
2025-12-03 00:37:27.887133+00:00,Jupiter,115.95560858725686,21.461098348232625,136.69227846657338
2025-12-03 00:37:27.887133+00:00,Saturn,356.1794710729163,-4.226728757542445,104.07377308409409
2025-12-03 00:37:27.887133+00:00,Uranus,56.41815210535447,19.646453220834736,167.87380432398749
2025-12-03 00:37:27.887133+00:00,Neptune,359.64333256887426,-1.6276890682582323,108.29023229166187
2025-12-03 06:37:27.887133+00:00,Mercury,229.64791549757675,-15.58734788608752,19.780171820666624
2025-12-03 06:37:27.887133+00:00,Venus,240.76534402853605,-20.0869404626611,8.309978798614644
2025-12-03 06:37:27.887133+00:00,Earth,0.0,0.0,
2025-12-03 06:37:27.887133+00:00,Mars,259.74290003189935,-23.784820425330782,9.662336413613803
2025-12-03 06:37:27.887133+00:00,Jupiter,115.93730342826754,21.464769923465845,136.96310203932663
2025-12-03 06:37:27.887133+00:00,Saturn,356.1811667360083,-4.225015688915409,103.82282979964424
2025-12-03 06:37:27.887133+00:00,Uranus,56.40761380015055,19.64426561757742,167.6102662156659
2025-12-03 06:37:27.887133+00:00,Neptune,359.6422995825988,-1.627964805632512,108.03584150754946
2025-12-03 12:37:27.887133+00:00,Mercury,229.7877982600059,-15.62998602928668,19.890470024225284
2025-12-03 12:37:27.887133+00:00,Venus,241.0918829281623,-20.156829622641528,8.248537985336078
2025-12-03 12:37:27.887133+00:00,Earth,0.0,0.0,
2025-12-03 12:37:27.887133+00:00,Mars,259.94540138838335,-23.7998960082089,9.595127673029015
2025-12-03 12:37:27.887133+00:00,Jupiter,115.91880069690522,21.468471949063346,137.23412850629282
2025-12-03 12:37:27.887133+00:00,Saturn,356.1829651664519,-4.223257927366847,103.5719803772228
2025-12-03 12:37:27.887133+00:00,Uranus,56.39708983373687,19.64208056183756,167.34672303868948
2025-12-03 12:37:27.887133+00:00,Neptune,359.6412987805708,-1.6282263676137987,107.78146850448766
2025-12-03 18:37:27.887133+00:00,Mercury,229.93533638486022,-15.67566383867412,19.9928537488887
2025-12-03 18:37:27.887133+00:00,Venus,241.418718771458,-20.226124208297815,8.187109632978162
2025-12-03 18:37:27.887133+00:00,Earth,0.0,0.0,
2025-12-03 18:37:27.887133+00:00,Mars,260.1480078130733,-23.814714837208648,9.527960218059636
2025-12-03 18:37:27.887133+00:00,Jupiter,115.90010097289473,21.472204247999187,137.50535749461304
2025-12-03 18:37:27.887133+00:00,Saturn,356.1848663287447,-4.221455511984425,103.32122457672943
2025-12-03 18:37:27.887133+00:00,Uranus,56.386580474943806,19.639898112091977,167.0831749453177
2025-12-03 18:37:27.887133+00:00,Neptune,359.64033019052465,-1.6284737468606885,107.52711311079746
2025-12-04 00:37:27.887133+00:00,Mercury,230.09032974045232,-15.724267239551757,20.087549639446244
2025-12-04 00:37:27.887133+00:00,Venus,241.74585055133954,-20.294821280169717,8.125693991080917
2025-12-04 00:37:27.887133+00:00,Earth,0.0,0.0,
2025-12-04 00:37:27.887133+00:00,Mars,260.35071863521785,-23.829276462492903,9.46083397492284
2025-12-04 00:37:27.887133+00:00,Jupiter,115.88120483800871,21.475966642993374,137.77678864195806
2025-12-04 00:37:27.887133+00:00,Saturn,356.18687018750575,-4.219608481283924,103.07056214590031
2025-12-04 00:37:27.887133+00:00,Uranus,56.37608599160613,19.63771832681666,166.8196220667713
2025-12-04 00:37:27.887133+00:00,Neptune,359.6393938401606,-1.628706935930403,107.27277514230907
2025-12-04 06:37:27.887133+00:00,Mercury,230.2525807942033,-15.77568337548933,20.174781654920597
2025-12-04 06:37:27.887133+00:00,Venus,242.0732772221965,-20.362917912136126,8.064291317642653
2025-12-04 06:37:27.887133+00:00,Earth,0.0,0.0,
2025-12-04 06:37:27.887133+00:00,Mars,260.55353318647633,-23.843580436894513,9.393748868063927
2025-12-04 06:37:27.887133+00:00,Jupiter,115.86211287630714,21.479758956516243,138.04842159406502
2025-12-04 06:37:27.887133+00:00,Saturn,356.188976707701,-4.21771687310527,102.8199928228057
2025-12-04 06:37:27.887133+00:00,Uranus,56.36560665072401,19.635541264529596,166.55606451638081
2025-12-04 06:37:27.887133+00:00,Neptune,359.63848975722055,-1.6289259272411685,107.01845440469447
2025-12-04 12:37:27.887133+00:00,Mercury,230.4218948927227,-15.829800783921161,20.254770722155982
2025-12-04 12:37:27.887133+00:00,Venus,242.40099769836291,-20.430411191337782,8.002901878188888
2025-12-04 12:37:27.887133+00:00,Earth,0.0,0.0,
2025-12-04 12:37:27.887133+00:00,Mars,260.75645079990994,-23.857626315795645,9.326704821714658
2025-12-04 12:37:27.887133+00:00,Jupiter,115.84282567446809,21.48358101077121,138.32025600200836
2025-12-04 12:37:27.887133+00:00,Saturn,356.19118585484443,-4.215780724524189,102.5695163384954
2025-12-04 12:37:27.887133+00:00,Uranus,56.355142718632734,19.633366983833955,166.2925023928352
2025-12-04 12:37:27.887133+00:00,Neptune,359.6376179695591,-1.6291307130386665,106.76415069596962
2025-12-04 18:37:27.887133+00:00,Mercury,230.59808050557675,-15.886509550680397,20.327734431694758
2025-12-04 18:37:27.887133+00:00,Venus,242.72901085253014,-20.497298218129664,7.941525944761065
2025-12-04 18:37:27.887133+00:00,Earth,0.0,0.0,
2025-12-04 18:37:27.887133+00:00,Mars,260.9594708088851,-23.87141365702188,9.25970176151255
2025-12-04 18:37:27.887133+00:00,Jupiter,115.82334382220715,21.487432627656354,138.59229151924916
2025-12-04 18:37:27.887133+00:00,Saturn,356.1934975951691,-4.213800071781532,102.31913241974526
2025-12-04 18:37:27.887133+00:00,Uranus,56.3446944611783,19.63119554346079,166.0289357834972
2025-12-04 18:37:27.887133+00:00,Neptune,359.6367785052041,-1.6293212853673118,106.50986380912397
2025-12-05 00:37:27.887133+00:00,Mercury,230.78094943537147,-15.945701444883774,20.39388677303466
2025-12-05 00:37:27.887133+00:00,Venus,243.05731551412956,-20.56357610606979,7.880163794844159
2025-12-05 00:37:27.887133+00:00,Earth,0.0,0.0,
2025-12-05 00:37:27.887133+00:00,Mars,261.16259254590716,-23.884942020753527,9.192739616151515
2025-12-05 00:37:27.887133+00:00,Jupiter,115.80366791277925,21.491313628705075,138.86452779851473
2025-12-05 00:37:27.887133+00:00,Saturn,356.1959118957652,-4.211774950231767,102.06884079185483
2025-12-05 00:37:27.887133+00:00,Uranus,56.33426214389562,19.629027002310345,165.76536476774626
2025-12-05 00:37:27.887133+00:00,Neptune,359.6359713924106,-1.6294976360470135,106.25559353482842
2025-12-05 06:37:27.887133+00:00,Mercury,230.97031699669546,-16.00727003555046,20.45343790643861
2025-12-05 06:37:27.887133+00:00,Venus,243.38591046771774,-20.62924198195072,7.818815710254008
2025-12-05 06:37:27.887133+00:00,Earth,0.0,0.0,
2025-12-05 06:37:27.887133+00:00,Mars,261.36581534140976,-23.898210969456805,9.125818319034789
2025-12-05 06:37:27.887133+00:00,Jupiter,115.78379854355525,21.4952238350069,139.13696448856604
2025-12-05 06:37:27.887133+00:00,Saturn,356.19842872468274,-4.2097053943118325,101.81864118144304
2025-12-05 06:37:27.887133+00:00,Uranus,56.3238460321856,19.626861419491284,165.50178942030274
2025-12-05 06:37:27.887133+00:00,Neptune,359.635196659702,-1.629659756655939,106.00133966417117
2025-12-05 12:37:27.887133+00:00,Mercury,231.16600216637124,-16.071110791298924,20.506593968566914
2025-12-05 12:37:27.887133+00:00,Venus,243.7147944513909,-20.694292985878946,7.757481976008379
2025-12-05 12:37:27.887133+00:00,Earth,0.0,0.0,
2025-12-05 12:37:27.887133+00:00,Mars,261.56913852252,-23.911220067836265,9.058937809900362
2025-12-05 12:37:27.887133+00:00,Jupiter,115.76373631666253,21.49916306711035,139.40960123091452
2025-12-05 12:37:27.887133+00:00,Saturn,356.20104805099504,-4.2075914375307395,101.56853331918876
2025-12-05 12:37:27.887133+00:00,Uranus,56.31344639148791,19.624698854356858,165.23820981448716
2025-12-05 12:37:27.887133+00:00,Neptune,359.63445433590124,-1.6298076385196196,105.74710199136888
2025-12-05 18:37:27.887133+00:00,Mercury,231.36782770736116,-16.13712116441946,20.553556909309787
2025-12-05 18:37:27.887133+00:00,Venus,244.04396615526173,-20.758726271405823,7.696162879205505
2025-12-05 18:37:27.887133+00:00,Earth,0.0,0.0,
2025-12-05 18:37:27.887133+00:00,Mars,261.77256141182687,-23.923968882809895,8.99209803639146
2025-12-05 18:37:27.887133+00:00,Jupiter,115.7434818396773,21.50313114490976,139.68243765654987
2025-12-05 18:37:27.887133+00:00,Saturn,356.2037698448262,-4.2054331124799385,101.31851694246527
2025-12-05 18:37:27.887133+00:00,Uranus,56.30306348744613,19.622539366537552,164.97462602536604
2025-12-05 18:37:27.887133+00:00,Neptune,359.6337444501501,-1.6299412727065736,105.49288031640208
2025-12-06 00:37:27.887133+00:00,Mercury,231.57562026855913,-16.205200660566295,20.594524357313524
2025-12-06 00:37:27.887133+00:00,Venus,244.37342422002493,-20.82253900571267,7.634858707931451
2025-12-06 00:37:27.887133+00:00,Earth,0.0,0.0,
2025-12-06 00:37:27.887133+00:00,Mars,261.9760833261739,-23.93645698350725,8.925298955542331
2025-12-06 00:37:27.887133+00:00,Jupiter,115.72303572635583,21.507127887518884,139.95547338274085
2025-12-06 00:37:27.887133+00:00,Saturn,356.20659407733854,-4.203230450863772,101.06859179782069
2025-12-06 00:37:27.887133+00:00,Uranus,56.292697586061855,19.6203830159694,164.71103813273749
2025-12-06 00:37:27.887133+00:00,Neptune,359.633067031916,-1.6300606500304426,105.23867444752625
2025-12-06 06:37:27.887133+00:00,Mercury,231.7892104625835,-16.27525089525674,20.629689511816963
2025-12-06 06:37:27.887133+00:00,Venus,244.703167235636,-20.885728369850725,7.573569750220983
2025-12-06 06:37:27.887133+00:00,Earth,0.0,0.0,
2025-12-06 06:37:27.887133+00:00,Mars,262.1797035755008,-23.94868394129072,8.858540535160897
2025-12-06 06:37:27.887133+00:00,Jupiter,115.7023985973903,21.511153113134103,140.22870800996498
2025-12-06 06:37:27.887133+00:00,Saturn,356.2095207206849,-4.200983483548845,100.81875764326283
2025-12-06 06:37:27.887133+00:00,Uranus,56.28234895383547,19.61822986291774,164.44744622391727
2025-12-06 06:37:27.887133+00:00,Neptune,359.6324221109867,-1.6301657610584435,104.9844842036151
2025-12-06 12:37:27.887133+00:00,Mercury,232.00843292356376,-16.347175638304986,20.659241058538495
2025-12-06 12:37:27.887133+00:00,Venus,245.03319374012503,-20.948291559035525,7.512296293088597
2025-12-06 12:37:27.887133+00:00,Earth,0.0,0.0,
2025-12-06 12:37:27.887133+00:00,Mars,262.38342146175285,-23.96064932979917,8.791822755083754
2025-12-06 12:37:27.887133+00:00,Jupiter,115.68157108117427,21.515206638890184,140.50214111902025
2025-12-06 12:37:27.887133+00:00,Saturn,356.21254974792606,-4.198692240630629,100.56901425031329
2025-12-06 12:37:27.887133+00:00,Uranus,56.272017857891164,19.616079967995844,164.18385039628646
2025-12-06 12:37:27.887133+00:00,Neptune,359.6318097174548,-1.6302565961257738,104.73030941629892
2025-12-06 18:37:27.887133+00:00,Mercury,232.23312634679385,-16.4208808472563,20.68336310748148
2025-12-06 18:37:27.887133+00:00,Venus,245.36350221856188,-21.010225782993604,7.451038621649995
2025-12-06 18:37:27.887133+00:00,Earth,0.0,0.0,
2025-12-06 18:37:27.887133+00:00,Mars,262.5872362778765,-23.972352725012694,8.725145608293206
2025-12-06 18:37:27.887133+00:00,Jupiter,115.66055381456525,21.519288280712054,140.77577226836166
2025-12-06 18:37:27.887133+00:00,Saturn,356.21568113291784,-4.196356751515302,100.31936140580383
2025-12-06 18:37:27.887133+00:00,Uranus,56.26170456608428,19.613933392178552,163.92025075957304
2025-12-06 18:37:27.887133+00:00,Neptune,359.63122988169044,-1.6303331453554726,104.47614993186784
2025-12-07 00:37:27.887133+00:00,Mercury,232.46313351200257,-16.496274690825906,20.702235150650296
2025-12-07 00:37:27.887133+00:00,Venus,245.694091102184,-21.071528266358413,7.3897970183442245
2025-12-07 00:37:27.887133+00:00,Earth,0.0,0.0,
2025-12-07 00:37:27.887133+00:00,Mars,262.7911473069149,-23.983793705336875,8.658509101883038
2025-12-07 00:37:27.887133+00:00,Jupiter,115.63934744363017,21.523397853165285,141.04960099169915
2025-12-07 00:37:27.887133+00:00,Saturn,356.2189148501703,-4.193977045014459,100.06979891339662
2025-12-07 00:37:27.887133+00:00,Uranus,56.25140934709031,19.61179019681061,163.65664743784666
2025-12-07 00:37:27.887133+00:00,Neptune,359.6306826343049,-1.6303953986830966,104.22200561291818
2025-12-07 06:37:27.887133+00:00,Mercury,232.6983012918747,-16.573267563285494,20.716032037792335
2025-12-07 06:37:27.887133+00:00,Venus,246.02495876769396,-21.132196249111,7.328571762271105
2025-12-07 06:37:27.887133+00:00,Earth,0.0,0.0,
2025-12-07 06:37:27.887133+00:00,Mars,262.99515382121433,-23.99497185170431,8.591913257870377
2025-12-07 06:37:27.887133+00:00,Jupiter,115.61795262436254,21.527535169308603,141.3236267958823
2025-12-07 06:37:27.887133+00:00,Saturn,356.22225087468485,-4.191553149450114,99.82032659481858
2025-12-07 06:37:27.887133+00:00,Uranus,56.241132470474376,19.609650443610057,163.39304057121242
2025-12-07 06:37:27.887133+00:00,Neptune,359.6301680061055,-1.6304433458854994,103.96787633972887
2025-12-07 12:37:27.887133+00:00,Mercury,232.93848064734,-16.651772090679746,20.724923968402205
2025-12-07 12:37:27.887133+00:00,Venus,246.35610353672897,-21.192226987060494,7.2673631286469345
2025-12-07 12:37:27.887133+00:00,Earth,0.0,0.0,
2025-12-07 12:37:27.887133+00:00,Mars,263.1992550817479,-24.005886747691292,8.52535811385093
2025-12-07 12:37:27.887133+00:00,Jupiter,115.59637002336126,21.53170004055073,141.59784915908924
2025-12-07 12:37:27.887133+00:00,Saturn,356.22568918177313,-4.189085092767501,99.5709442908084
2025-12-07 12:37:27.887133+00:00,Uranus,56.230874206741596,19.60751419466673,163.12943031720062
2025-12-07 12:37:27.887133+00:00,Neptune,359.6296860280444,-1.6304769766129406,103.71376201136214
2025-12-07 18:37:27.887133+00:00,Mercury,233.18352661103586,-16.731703129695934,20.72907649834221
2025-12-07 18:37:27.887133+00:00,Venus,246.6875236754999,-21.25161775235854,7.206171388384327
2025-12-07 18:37:27.887133+00:00,Earth,0.0,0.0,
2025-12-07 18:37:27.887133+00:00,Mars,263.40345033756006,-24.01653797964677,8.45884372350461
2025-12-07 18:37:27.887133+00:00,Jupiter,115.57460031846213,21.535892276514154,141.87226752932625
2025-12-07 18:37:27.887133+00:00,Saturn,356.2292297468615,-4.18657290265293,99.32165186178227
2025-12-07 18:37:27.887133+00:00,Uranus,56.22063482736865,19.605381512436473,162.86581685185462
2025-12-07 18:37:27.887133+00:00,Neptune,359.6292367311598,-1.6304962804237062,103.45966254649149
2025-12-08 00:37:27.887133+00:00,Mercury,233.43329826024564,-16.812977759953842,20.728650559543855
2025-12-08 00:37:27.887133+00:00,Venus,247.0192173945929,-21.310365834041693,7.144996807795836
2025-12-08 00:37:27.887133+00:00,Earth,0.0,0.0,
2025-12-08 00:37:27.887133+00:00,Mars,263.60773882533306,-24.02692513683124,8.392370156956021
2025-12-08 00:37:27.887133+00:00,Jupiter,115.55264419931687,21.540111684907572,142.14688132323673
2025-12-08 00:37:27.887133+00:00,Saturn,356.23287254528793,-4.184016606654342,99.07244918823159
2025-12-08 00:37:27.887133+00:00,Uranus,56.210414604817274,19.603252459731117,162.60220037052764
2025-12-08 00:37:27.887133+00:00,Neptune,359.6288201465152,-1.6305012468204714,103.20557788396572
2025-12-08 06:37:27.887133+00:00,Mercury,233.6876586805112,-16.895515270427705,20.723802491364825
2025-12-08 06:37:27.887133+00:00,Venus,247.3511828489249,-21.368468538595806,7.083839648417833
2025-12-08 06:37:27.887133+00:00,Earth,0.0,0.0,
2025-12-08 06:37:27.887133+00:00,Mars,263.812119769069,-24.037047811562896,8.325937501002496
2025-12-08 06:37:27.887133+00:00,Jupiter,115.53050236791397,21.544358071408794,142.42168992521144
2025-12-08 06:37:27.887133+00:00,Saturn,356.2366175520929,-4.181416232302166,98.82333617087066
2025-12-08 06:37:27.887133+00:00,Uranus,56.20021381253125,19.601127099705113,162.33858108840465
2025-12-08 06:37:27.887133+00:00,Neptune,359.6284363051342,-1.6304918652876128,102.95150798312456
2025-12-08 12:37:27.887133+00:00,Mercury,233.94647492102675,-16.97923714066034,20.714684082278158
2025-12-08 12:37:27.887133+00:00,Venus,247.68341813784056,-21.425923190536043,7.022700166951066
2025-12-08 12:37:27.887133+00:00,Earth,0.0,0.0,
2025-12-08 12:37:27.887133+00:00,Mars,264.0165923798859,-24.04690559936842,8.259545859223495
2025-12-08 12:37:27.887133+00:00,Jupiter,115.50817553903947,21.54863123955888,142.6966926867824
2025-12-08 12:37:27.887133+00:00,Saturn,356.2404647418111,-4.17877180722845,98.57431273055768
2025-12-08 12:37:27.887133+00:00,Uranus,56.190032724918225,19.599005495839094,162.0749592407703
2025-12-08 12:37:27.887133+00:00,Neptune,359.6280852379347,-1.630468125328784,102.69745282388534
2025-12-08 18:37:27.887133+00:00,Mercury,234.2096179428282,-17.064067017379692,20.70144262067006
2025-12-08 18:37:27.887133+00:00,Venus,248.01592130533606,-21.482727132997084,6.961578615308736
2025-12-08 18:37:27.887133+00:00,Earth,0.0,0.0,
2025-12-08 18:37:27.887133+00:00,Mars,264.22115585591547,-24.056498099136416,8.193195351984135
2025-12-08 18:37:27.887133+00:00,Jupiter,115.4856644406772,21.55293099066864,142.97188892628165
2025-12-08 18:37:27.887133+00:00,Saturn,356.2444140882649,-4.176083359282451,98.32537880801421
2025-12-08 18:37:27.887133+00:00,Uranus,56.17987161731808,19.596887711920985,161.81133508304765
2025-12-08 18:37:27.887133+00:00,Neptune,359.6277669756628,-1.6304300165041106,102.44341240662403
2025-12-09 00:37:27.887133+00:00,Mercury,234.47696256071123,-17.14993068708105,20.684220953615085
2025-12-09 00:37:27.887133+00:00,Venus,248.34869034039565,-21.538877728328288,6.900475240765707
2025-12-09 00:37:27.887133+00:00,Earth,0.0,0.0,
2025-12-09 00:37:27.887133+00:00,Mars,264.4258093822984,-24.065824913270998,8.126886116351741
2025-12-09 00:37:27.887133+00:00,Jupiter,115.4629698143481,21.557257123737543,143.24727792873884
2025-12-09 00:37:27.887133+00:00,Saturn,356.24846556436484,-4.173350916641211,98.07653436337124
2025-12-09 00:37:27.887133+00:00,Uranus,56.169730765959784,19.594773812025164,161.54770889063465
2025-12-09 00:37:27.887133+00:00,Neptune,359.62748154882695,-1.6303775284664583,102.1893867518758
2025-12-09 06:37:27.887133+00:00,Mercury,234.74838737973266,-17.23675604509358,20.663157552588036
2025-12-09 06:37:27.887133+00:00,Venus,248.68172317742417,-21.594372358688684,6.839390286198473
2025-12-09 06:37:27.887133+00:00,Earth,0.0,0.0,
2025-12-09 06:37:27.887133+00:00,Mars,264.63055213126074,-24.074885647844145,8.060618305938528
2025-12-09 06:37:27.887133+00:00,Jupiter,115.440092415392,21.561609435385236,143.52285894599044
2025-12-09 06:37:27.887133+00:00,Saturn,356.25261914191833,-4.170574507913941,97.8277793755697
2025-12-09 06:37:27.887133+00:00,Uranus,56.15961044790876,19.59266386049024,161.28408095856636
2025-12-09 06:37:27.887133+00:00,Neptune,359.62722898763445,-1.6303106509962977,101.93537589988178
2025-12-09 12:37:27.887133+00:00,Mercury,235.02377472707533,-17.324473061608078,20.638386585154173
2025-12-09 12:37:27.887133+00:00,Venus,249.01501769676148,-21.649208426638143,6.778323990404351
2025-12-09 12:37:27.887133+00:00,Earth,0.0,0.0,
2025-12-09 12:37:27.887133+00:00,Mars,264.8353832622665,-24.083679912744792,7.9943920906896935
2025-12-09 12:37:27.887133+00:00,Jupiter,115.4170330131937,21.565987719795338,143.79863119697274
2025-12-09 12:37:27.887133+00:00,Saturn,356.2568747914487,-4.167754162239296,97.5791138416436
2025-12-09 12:37:27.887133+00:00,Uranus,56.149510941006135,19.59055792189585,161.02045160103205
2025-12-09 12:37:27.887133+00:00,Neptune,359.62700932193064,-1.630229374034831,101.6813799100085
2025-12-09 18:37:27.887133+00:00,Mercury,235.30301057999188,-17.4130137451029,20.61003799176038
2025-12-09 18:37:27.887133+00:00,Venus,249.34857172526122,-21.703383355720902,6.71727658849342
2025-12-09 18:37:27.887133+00:00,Earth,0.0,0.0,
2025-12-09 18:37:27.887133+00:00,Mars,265.0403019222299,-24.092207321823835,7.928207656630334
2025-12-09 18:37:27.887133+00:00,Jupiter,115.39379239135802,21.570391768671023,144.07459386816885
2025-12-09 18:37:27.887133+00:00,Saturn,356.26123248202697,-4.164889909374971,97.33053777591242
2025-12-09 18:37:27.887133+00:00,Uranus,56.13943252380225,19.588456061039007,160.75682115077336
2025-12-09 18:37:27.887133+00:00,Neptune,359.6268225811405,-1.630133687715064,101.42739886006606
2025-12-10 00:37:27.887133+00:00,Mercury,235.5859844904762,-17.50231210356827,20.57823756682415
2025-12-10 00:37:27.887133+00:00,Venus,249.68238303692266,-21.756894591038677,6.656248312339597
2025-12-10 00:37:27.887133+00:00,Earth,0.0,0.0,
2025-12-10 00:37:27.887133+00:00,Mars,265.2453072457805,-24.10046749303384,7.862065205587446
2025-12-10 00:37:27.887133+00:00,Jupiter,115.37037134783805,21.574821371201818,144.3507461141819
2025-12-10 00:37:27.887133+00:00,Saturn,356.2656921811161,-4.161981779779285,97.08205120910814
2025-12-10 00:37:27.887133+00:00,Uranus,56.12937547548578,19.58635834291023,160.49318995839204
2025-12-10 00:37:27.887133+00:00,Neptune,359.6266687942145,-1.6300235823906695,101.17343284554929
2025-12-10 06:37:27.887133+00:00,Mercury,235.8725895072556,-17.592304103893994,20.543107043387437
2025-12-10 06:37:27.887133+00:00,Venus,250.01644935356015,-21.80973959981123,6.59523939108412
2025-12-10 06:37:27.887133+00:00,Earth,0.0,0.0,
2025-12-10 06:37:27.887133+00:00,Mars,265.4503983555674,-24.108460048562627,7.795964954898171
2025-12-10 06:37:27.887133+00:00,Jupiter,115.34677069502116,21.579276314040506,144.6270870584073
2025-12-10 06:37:27.887133+00:00,Saturn,356.27025385442937,-4.159029804684596,96.83365418745957
2025-12-10 06:37:27.887133+00:00,Uranus,56.1193400758099,19.58426483266996,160.22955839158945
2025-12-10 06:37:27.887133+00:00,Neptune,359.62654798957806,-1.629899048662496,100.91948197882505
2025-12-10 12:37:27.887133+00:00,Mercury,236.16272209564113,-17.682927629753177,20.504764180669316
2025-12-10 12:37:27.887133+00:00,Venus,250.3507683455002,-21.86191587192261,6.534250051681197
2025-12-10 12:37:27.887133+00:00,Earth,0.0,0.0,
2025-12-10 12:37:27.887133+00:00,Mars,265.65557436259627,-24.116184614960503,7.729907137119855
2025-12-10 12:37:27.887133+00:00,Jupiter,115.32299125977801,21.58375638128971,144.90361579377935
2025-12-10 12:37:27.887133+00:00,Saturn,356.27491746580205,-4.156034016162688,96.58534677175452
2025-12-10 12:37:27.887133+00:00,Uranus,56.10932660501712,19.582175595625387,159.96592683436188
2025-12-10 12:37:27.887133+00:00,Neptune,359.626460195085,-1.6297600774027043,100.66554638828569
2025-12-10 18:37:27.887133+00:00,Mercury,236.45628205572154,-17.77412243828381,20.463322853912356
2025-12-10 18:37:27.887133+00:00,Venus,250.68533763229456,-21.913420920451944,6.473280519479936
2025-12-10 18:37:27.887133+00:00,Earth,0.0,0.0,
2025-12-10 18:37:27.887133+00:00,Mars,265.8608343665861,-24.123640823260608,7.663891999748341
2025-12-10 18:37:27.887133+00:00,Jupiter,115.29903388347938,21.58826135449662,145.18033138356853
2025-12-10 18:37:27.887133+00:00,Saturn,356.27968297707747,-4.152994447182339,96.33712903639768
2025-12-10 18:37:27.887133+00:00,Uranus,56.09933534376368,19.580090697207996,159.70229568616975
2025-12-10 18:37:27.887133+00:00,Neptune,359.6264054379753,-1.629606659776524,100.41162621748725
2025-12-11 00:37:27.887133+00:00,Mercury,236.75317243934344,-17.865830115841945,20.4188931459763
2025-12-11 00:37:27.887133+00:00,Venus,251.0201547834413,-21.964252282188227,6.412331018834025
2025-12-11 00:37:27.887133+00:00,Earth,0.0,0.0,
2025-12-11 00:37:27.887133+00:00,Mars,266.0661774563413,-24.13082830909258,7.597919804957552
2025-12-11 00:37:27.887133+00:00,Jupiter,115.27489942198548,21.592791012655407,145.45723286221056
2025-12-11 00:37:27.887133+00:00,Saturn,356.2845503480056,-4.149911131659421,96.08900106847938
2025-12-11 00:37:27.887133+00:00,Uranus,56.089366573044686,19.578010202951972,159.43866536109923
2025-12-11 00:37:27.887133+00:00,Neptune,359.6263837448368,-1.6294387872617084,100.1577216242876
2025-12-11 06:37:27.887133+00:00,Mercury,237.05329946627194,-17.957994033073092,20.371581440185555
2025-12-11 06:37:27.887133+00:00,Venus,251.35521731910737,-22.01440751812878,6.351401773734187
2025-12-11 06:37:27.887133+00:00,Earth,0.0,0.0,
2025-12-11 06:37:27.887133+00:00,Mars,266.2716027101304,-24.13774671278908,7.531990829365316
2025-12-11 06:37:27.887133+00:00,Jupiter,115.25058874561256,21.59734513221602,145.73431923614814
2025-12-11 06:37:27.887133+00:00,Saturn,356.2895195361549,-4.146784104500065,95.84096296686747
2025-12-11 06:37:27.887133+00:00,Uranus,56.07942057412077,19.575934178473563,159.17503628702968
2025-12-11 06:37:27.887133+00:00,Neptune,359.6263951415709,-1.6292564516657777,99.90383277999811
2025-12-11 12:37:27.887133+00:00,Mercury,237.3565724398887,-18.050559299524675,20.321490513988465
2025-12-11 12:37:27.887133+00:00,Venus,251.69052271084405,-22.06388421396142,6.290493008459838
2025-12-11 12:37:27.887133+00:00,Earth,0.0,0.0,
2025-12-11 12:37:27.887133+00:00,Mars,266.47710919606556,-24.144395679486024,7.466105363833399
2025-12-11 12:37:27.887133+00:00,Jupiter,115.22610273908099,21.60192348709856,146.01158948467082
2025-12-11 12:37:27.887133+00:00,Saturn,356.2945904968352,-4.143613401637348,95.59301484133294
2025-12-11 12:37:27.887133+00:00,Uranus,56.06949762844668,19.573862689451566,158.9114089048194
2025-12-11 12:37:27.887133+00:00,Neptune,359.6264396533619,-1.6290596451411883,99.6499598685593
2025-12-11 18:37:27.887133+00:00,Mercury,237.66290366274757,-18.143472717998506,20.268719633030845
2025-12-11 18:37:27.887133+00:00,Venus,252.0260683822944,-22.11267998053068,6.229604948244228
2025-12-11 18:37:27.887133+00:00,Earth,0.0,0.0,
2025-12-11 18:37:27.887133+00:00,Mars,266.6826959724779,-24.15077485921629,7.400263713305927
2025-12-11 18:37:27.887133+00:00,Jupiter,115.20144230144825,21.606525848712373,146.28904256074082
2025-12-11 18:37:27.887133+00:00,Saturn,356.299763183033,-4.140399060062141,95.34515681171652
2025-12-11 18:37:27.887133+00:00,Uranus,56.05959801760277,19.571795801608843,158.64778366751963
2025-12-11 18:37:27.887133+00:00,Neptune,359.6265173046499,-1.6288483601985781,99.39610308574932
2025-12-12 00:37:27.887133+00:00,Mercury,237.97220835227114,-18.23668273882187,20.213364645291133
2025-12-12 00:37:27.887133+00:00,Venus,252.3618517098856,-22.160792454288817,6.168737819952511
2025-12-12 00:37:27.887133+00:00,Earth,0.0,0.0,
2025-12-12 00:37:27.887133+00:00,Mars,266.8883620882848,-24.156883906997475,7.3344661966914035
2025-12-12 00:37:27.887133+00:00,Jupiter,115.1766083460314,21.611151985978967,146.56667739179383
2025-12-12 00:37:27.887133+00:00,Saturn,356.3050375453549,-4.137141117848679,95.0973890071422
2025-12-12 00:37:27.887133+00:00,Uranus,56.04972202322919,19.569733580695026,158.384161039623
2025-12-12 00:37:27.887133+00:00,Neptune,359.6266281191073,-1.628622589718253,99.14226263843157
2025-12-12 06:37:27.887133+00:00,Mercury,238.2844045568415,-18.33013941419594,20.155518074962934
2025-12-12 06:37:27.887133+00:00,Venus,252.69787002350643,-22.20821929773202,6.107891852769879
2025-12-12 06:37:27.887133+00:00,Earth,0.0,0.0,
2025-12-12 06:37:27.887133+00:00,Mars,267.09410658334576,-24.16272248291409,7.268713146789516
2025-12-12 06:37:27.887133+00:00,Jupiter,115.15160180032052,21.615801665358052,146.84449288050718
2025-12-12 06:37:27.887133+00:00,Saturn,356.31041353198134,-4.133839614175495,94.8497115652816
2025-12-12 06:37:27.887133+00:00,Uranus,56.03986992696348,19.567676092470318,158.120541496354
2025-12-12 06:37:27.887133+00:00,Neptune,359.6267721196176,-1.6283823269600923,98.8884387438464
2025-12-12 12:37:27.887133+00:00,Mercury,238.5994130725097,-18.423794352762098,20.095269215807505
2025-12-12 12:37:27.887133+00:00,Venus,253.0341206071674,-22.25495819982291,6.0470672788989965
2025-12-12 12:37:27.887133+00:00,Earth,0.0,0.0,
2025-12-12 12:37:27.887133+00:00,Mars,267.2999284888043,-24.168290252194573,7.2030049102673575
2025-12-12 12:37:27.887133+00:00,Jupiter,115.12642360588731,21.620474650876034,147.12248790552925
2025-12-12 12:37:27.887133+00:00,Saturn,356.31589108862795,-4.130494589342271,94.60212463167113
2025-12-12 12:37:27.887133+00:00,Uranus,56.030042010381315,19.565623402690335,157.85692552300296
2025-12-12 12:37:27.887133+00:00,Neptune,359.62694932825787,-1.6281275655720442,98.63463162894966
2025-12-12 18:37:27.887133+00:00,Mercury,238.91715736052012,-18.517600674510348,20.032704223732566
2025-12-12 18:37:27.887133+00:00,Venus,253.37060069964264,-22.301006876400155,5.986264334266728
2025-12-12 18:37:27.887133+00:00,Earth,0.0,0.0,
2025-12-12 18:37:27.887133+00:00,Mars,267.50582682741424,-24.17358688528375,7.137341847684359
2025-12-12 18:37:27.887133+00:00,Jupiter,115.1010747182903,21.62517070415638,147.40066132216626
2025-12-12 18:37:27.887133+00:00,Saturn,356.3214701585137,-4.127106084783206,94.35462835908315
2025-12-12 18:37:27.887133+00:00,Uranus,56.020238554940704,19.56357557709206,157.59331361430756
2025-12-12 18:37:27.887133+00:00,Neptune,359.62715976628226,-1.62785829959739,98.38084152980008
