{
  "timestamp": "2025-11-23T18:22:12.294Z",
  "fieldStatus": "Calm",
  "orders": {
    "targetPairs": [
      "BTCUSDT",
      "ETHUSDT",
      "BNBUSDT",
      "SOLUSDT"
    ],
    "scanFrequency": "conservative",
    "entryThreshold": 0.7,
    "exitStrategy": "tight",
    "positionSize": "reduced",
    "focusAreas": [
      "Only extreme high-probability setups",
      "Strong support/resistance bounces with confirmation",
      "Mean reversion at significant levels",
      "Pairs with clear structure despite chaos",
      "R:R below target - let winners run longer or tighten entries"
    ],
    "avoidConditions": [
      "Breakout attempts (likely to fail)",
      "Trend-following entries (no trends present)",
      "Low timeframe noise",
      "Unconfirmed signals"
    ],
    "tacticalDirective": "🦁 DEFENSIVE POSTURE: Field is chaotic. Reduce activity. Only hunt when prey is obvious and isolated. Tight stops, quick exits. Preserve capital for better hunting grounds."
  }
}